reviewId,content,score,at
a6898503-fb26-4b26-ac9a-80ccafe4e36f,"Mohon perhantiannya terkait informasi mengenai hanta virus dan penyebarannya di sosialisikan yaa, makasih.",5,2026-05-08 20:47:04
f39adcda-17bf-4c1f-9546-4af2c283144d,"memudahkan pengecekan kesehatan sehingga kita tau keadaan kesehatan kita, memantau perkembangan kesehatan lebih lanjut sehingga terpatau kondisi kita sekarang dan yang akan datang, dengan adanya satu sehat kita bisa mengikuti informasi tentang kesehatan dan dapat mengukur sejauh mna tentang derajat kesehatan seseorang, bisa mengikuti lebih banyak lagi info kesehatan melalui seminar yang di selenggarakan oleh kemetrian kesehatan untuk menambah wawasan pengetahuan di dunia kesehatan di Indonesia",5,2026-05-08 18:48:18
872bb96b-9b7e-44d2-adc3-4c81e50b7b3d,baik,5,2026-05-08 17:43:20
5423cfb8-3458-4b82-9f6f-938ec986d0e8,baik,5,2026-05-08 17:40:35
8214effa-6f61-4ebc-84ff-4837a79d2fe2,"UI bagus, cuma masalah tiap kli buka aplikasi setelah gk dipke bbrapa hari malah disuruh login lgi, dan skrg aplikasi gk bsa dipke dengan dalih permintaan anda tidak valid, pdhal data NIK, No. HP, Gmail, PIN udh diisi, bahkan udh duganti bbrapa kali ttp aja gk bner di app",1,2026-05-08 17:09:15
2d3c9b1c-df33-4cd1-89ad-bda361e64fdb,singkat padat dan jelas,5,2026-05-08 16:28:39
822140e7-693f-4f9e-8bf3-bf292106fadb,membantu,5,2026-05-08 13:37:44
61aff275-a9eb-40f2-a920-d9f5df3833ef,Sangat membantu tentang semua kesehatan,5,2026-05-08 11:02:58
3e366026-eb18-4c1d-885e-7a2632796feb,berapa hari hasilnya keluar? sudah 10 hari belum juga ada hasil edit: logonya sering banget gonta-ganti,3,2026-05-08 07:28:26
ac8cb18a-6821-4966-81e5-7ec5cc413c7b,satu sehat memang hebat dan bagus untuk cek kesehatan kita.,5,2026-05-08 06:08:26
931eec6a-8ffa-462f-8946-5b909029e6d0,Program ini sangat berguna untuk mengantisipasi peserta PROLANIS sebelum sakitnya parah,5,2026-05-08 02:28:33
750d34a9-fab0-4df2-8804-8ad38ce0103f,"di suruh masuk pin berkali kali tapi masih tidak valid juga, apa sistemnya servernya yang eror atau gimana ya?. dan uda ganti pin jg",1,2026-05-08 01:40:19
e54c748f-e69c-4737-9bdc-6a327b90cc3b,"program bagus tapi akses sulit dijangkau selalu ada kendala, berkali-kali daftar akun tapi selalu tidak sinkron datanya. padahal nik yang digunakan adalah nik aktif",2,2026-05-07 22:14:06
a0306db3-5a03-416b-9fc7-7ce452e445bc,Tidak jelas... Di suruh daftar anak! benahi dulu systemnya!,1,2026-05-07 21:14:36
dee7d515-22d2-4a42-b352-f12fa870c695,tidak bisa login berapakali ganti email tetap tidak bisa..mhn di perbaiki aplikasi nya..,3,2026-05-07 19:20:38
8d67e36e-d34b-4cda-8895-8ba97a439ac8,iya gak bisa login.. isi kode OTP udah bener masih aja permintaan tidak valid.. hadeh.. jgn respon nya terima kasih sudah memeberikan ulasan.. gak ada tanggapan lain apa wkwkwwk... kusut.. kusut,1,2026-05-07 16:56:37
90f2b64e-ad00-4364-b464-0902e1fb2dcc,Bagus sangat membantu,5,2026-05-07 16:48:52
e7355333-41c5-46cb-9fff-e54d9afc0e8b,mantap,5,2026-05-07 14:34:46
681773d7-d242-49a5-90c1-26554226e8dd,udh banyak kendala serupa di bintang satu tapi masih sama ajh jdi ya buat apa ngetik panjang² gasih,1,2026-05-07 14:16:33
2fc11029-1da9-4ca1-9f81-d0b117d8b99f,"versi baru membuat saya tidak bisa login, lupa pin, mau reset pin tidak bisa karena HARUS log in dulu, mau log in gabisa karena lupa pin, mau lupa pin gabisa diproses karena HARUS log in dulu, ini gimana sih yang bikin app. coba deh developernya coba aja lupa pin atau reset pin. Astagfirullah",1,2026-05-07 13:07:33
63d8c4ed-56c4-4137-b44e-7e7dd3748464,mudah dan simple penggunaan dan manfaat nya banyak,5,2026-05-07 11:55:13
22e55ad2-3516-4b7f-96ee-16599aa4f6b2,Terimakasih responnya. Sudah bisa login kembali Bintang 5 ya,5,2026-05-07 11:41:51
61448858-3be6-484b-a18c-8ccf5ae493a5,good,5,2026-05-07 10:13:02
e0237e25-ea51-4113-95f8-2014924aea2b,sangat berguna sekali,5,2026-05-07 08:55:10
c4c77643-c89c-4220-84f3-bcf2b309851c,kesehatan masyarakat adalah bukti nyata negara sehat dan kuat maju,5,2026-05-07 07:03:55
5f26cc20-0499-44b8-abf5-713225de2f22,"mudah, dan lebih membantu",4,2026-05-07 03:10:36
04be82d0-5111-4521-95c5-0c03870f1ccf,"ini data kita disalah gunain? perasaan blm pernah cek kesehatan sekalipun, tiba-tiba tgl 26 feb 2026 selesai pemeriksaan kocak!",1,2026-05-06 22:41:31
68734e1a-b154-4e86-877c-00eb134d4226,"gabisa dipake aneh, pin udah bener tapi dibilang salah mulu, udah reset pin berkali kali ttp salah, verif berkali kali juga ttp salah, apa coba",1,2026-05-06 20:43:18
0f00e176-83d7-4281-aa52-d7b82028f677,mau Login pun susahhhh kali. padahal pun dan nomor telp sudah benar. mencoba untuk ganti pin ya ttap sama aja ga bsa juga login.,1,2026-05-06 17:35:39
0e420e5f-5588-4f51-90a4-7446a7b26c2b,tolong dibenerin lgi dong mau unduh rapor Hasil CKG bermasalah terus,2,2026-05-06 16:50:50
4d496c5e-a0ef-4d18-9b25-c4170400a4d8,kenapa upgrade melulu dari kemarin wes upgrade .. Aneh upgrade melulu,1,2026-05-06 15:25:31
3ed4adc7-67a2-4c5f-98c6-009d0d359b47,Baik,4,2026-05-06 15:16:16
60c73a49-d7a8-44c1-96d9-d0308013bea1,"rencana mau Cek Kesehatan Gratis(CKG), ternyata sudah terdaftar dan bahkan hasil rapor kesehatannya sudah keluar. Kok bisa? saya saja baru mau daftar. coba dipikirkan secara logika.",1,2026-05-06 15:07:34
0bed0158-b540-4b6c-aa70-d462ffce7257,good,5,2026-05-06 11:37:08
e3ce419c-b565-488d-bae2-723983981e2d,selayaknya aplikasi buatan pemerintah lainnya,1,2026-05-06 10:46:18
cb3b66e2-f5df-43ab-8092-5d1e7edb408e,Bagus cermat,5,2026-05-06 10:05:26
512bb197-8283-4a8d-9aee-37d3134ab0cf,"tolong tambahkan fitur hapus akun ,terima kasih",1,2026-05-06 08:31:27
afdf5de4-94e2-41e5-9ade-73e8d944b36b,kok susah sih masuk ke aplikasi nyaa tolong laa di perbaiki itu payah masukny asik riset aja,1,2026-05-06 07:45:42
d175aede-c23a-47fe-b4d5-7d4d8a03ac21,"ini sudah fatal sekali, sudah ganti bukan tidak ada perbaikan login. bagaimana saya mau login jika selalu bermasalah di Pin terus menerus. saya kecewa sekali sudah.",1,2026-05-06 05:31:48
e5eb74ea-0058-4d9f-980f-8f90b942bf33,Tingkatkan pelayanan dan responsibilitas.,5,2026-05-06 04:44:16
333411ab-3fed-4aa4-9dc7-8978f6fdbb05,mengapa tidak ada pengecekan str di aplikasi ini? mengingat aplikasi yg dicari hasilnya ini,1,2026-05-06 01:00:23
89952ce0-3d39-40b9-afa9-aa64708f4be6,Aplikasinya bagus tapi setiap kali update mesti data yang lama hilang dan harus loging awal lagi......,5,2026-05-05 19:32:07
2d106dd3-9d59-4195-ae4a-90bbf20a132a,"Proses login sangat mengecewakan. Login bermasalah, terutama saat lupa PIN—sudah reset tapi tetap tidak bisa masuk karena dianggap salah terus. Padahal ada fitur biometrik, tapi tetap diminta PIN yang error, jadi tidak membantu sama sekali. Performa juga tidak stabil, sering lag dan error. Untuk aplikasi layanan kesehatan, ini sangat mengganggu. Mohon segera diperbaiki sistem login dan kestabilannya.",2,2026-05-05 18:48:51
46f8c0d0-b1a2-4797-b131-eed7f2465e0c,"ini adalah aplikasi BPJS kesehatan nomor Satu di kelas Menengah ke atas, Semoga Bekerja sama dengan Aplikasi Satu sehat,bugnya di tingkatkan kualitas nya,latar Belakang Menu Utama harus lebih Bagus.",1,2026-05-05 18:40:38
2354c750-de2d-41b6-8c4f-5c21205e2180,"percuma pake aplikasi klo mau lihat hasil cek kesehatan gratis saja gak masuk2. sudah sejak 25 april 2026 sampai tgl 05 mei 2026 gak ada terima notifikasi lewat WA , di aplikasi status malah sedang pemeriksaan. gimana kemenkes ?",1,2026-05-05 18:07:18
099e6a6d-9a2c-4fca-8a93-a050167a539e,ok 😁,5,2026-05-05 16:08:04
732396fe-6a2a-48c8-a466-e5368ff1c544,"aduh apa sih ini aplikasi permintaan tidak valid terus. Masuk pin tidak valid, lupa pin tidak valid, apapun tidak valid padahal mau ubah jadwal pemeriksaan gratis",1,2026-05-05 12:36:13
07aec198-3cef-4205-aa9f-964bf08786ba,tidak dapat log in karena permintaan tidak valid padahal data sudah sesuai sudah rubah pin juga.,2,2026-05-05 05:48:41
01665d53-125f-4ef9-ab5a-730d86fa54f9,sudah bagus,5,2026-05-04 18:56:35
e6b6e7c4-9587-4866-9973-32cb348cb645,apk sampah,1,2026-05-04 17:26:39
0583ac9d-1845-42a1-8bdd-37c0afcb137d,bagussssss,5,2026-05-04 15:10:05
f3175022-86fc-483b-977f-55c4a58323b5,Sangat membantu,5,2026-05-04 09:20:26
d91cad20-be77-4edc-81c4-81bae265d866,susah digunakan.,4,2026-05-04 08:41:01
e63bfff6-60af-4033-85fb-ab0022e24f91,Dapat Menjadi Rujukan,5,2026-05-04 07:06:37
3c7b4f7b-820a-4d3d-8744-14d13087ca09,Enough,4,2026-05-03 22:43:21
a21b6e9b-a461-4946-8b46-dffe703c896c,"izin pak, buk, saya tidak bisa login diakun satu sehat ini mohon arahannya pak buk",5,2026-05-03 21:51:06
49d442b4-a17e-4440-b355-a9b925a07a10,bagus,5,2026-05-03 19:16:38
2639fdf3-d0ec-454f-840b-00caa4a07953,gak bisa login padahal pin dan nomer telpon sudah benar,1,2026-05-03 18:52:42
5f91781c-e210-4fd1-8ffb-830697f6ce8f,pelayanan prima,5,2026-05-03 14:07:58
462f7cc7-2425-4271-99f2-100b0f83cf2e,tolong di perbaiki aplikasinya. karena susah mau skrining kesehatan mandiri.,1,2026-05-02 18:38:51
b642a1d9-c1e8-41db-a16e-514a53489adc,"aplikasi cacat udah diganti pin masih aja tetep pin salah, padahal udah bener",1,2026-05-02 18:36:28
96bb6a32-4320-4ee2-ad98-5a59b887431f,kenapa gak bisa diakses si udah download dftar juga gak bisa2 dibuka aplikasinya,2,2026-05-02 13:11:38
028927c8-3e31-4f35-8b8b-7189203faf15,bagus,5,2026-05-02 12:00:49
62ff109c-7c74-48c4-8f77-2566423284d2,Alhamdulillah bisa mengetahui gula darah dan tekanan darah.,5,2026-05-02 10:39:46
a80c7e26-743b-4053-9238-237646dba4eb,Sangat membantu,5,2026-05-02 09:08:29
9fd97652-866e-4ae0-9175-2bac57bb5991,"Informatif, Baik & bagus.",5,2026-05-02 07:10:13
caef9499-0ef4-4778-a51e-49e6f3d12911,"domisili daerah ku tidak ada, aku kalimantan timur, kutai kartanegara, tenggarong, loa ipuh.",1,2026-05-01 20:49:53
4b7039aa-d7af-4bb1-b7a2-005af2250456,memudahkan dlm proses permintaan data,5,2026-05-01 19:29:09
e161fa6b-b798-4bd4-a683-36ce7e58cfff,"mau login tidak bisa, sudah berbagai cara sampai opsi lupa akun isi ulang data, ganti no hp dan masukkan no verifikasi tetap tidak bisa",1,2026-05-01 10:40:38
a60c288d-7f0e-4643-a384-b410bfa3be01,"disuruh daftar anak sampai tgl 3mei 2026,mau masuk susah, login susah, uninstal n instal, ganti pin reset berkali kali, dari kemarin jungkir balik tak kunjung bisa,mau daftar katanya nomer telpon sudah terdaftar, mau masuk dikirim kode Verifikasi, verifikasi available!",1,2026-05-01 08:02:23
44657491-c8b8-4868-9958-57477b075666,"akun ga pernah ganti pin tapi salah mulu giliran ganti pin sampe berapa kali tetep aja salah, gimana solusinya?",1,2026-05-01 05:50:01
072ba03f-129d-493b-a760-e4520e69deb9,bagus bisa melihat sertifikat covid yg lama,5,2026-04-30 23:30:24
b057e326-0417-4f8f-9ca0-bc2f5c8258b3,"saya kira sinyal saya yg gangguan ternyata emang apk nya aja yg bermasalah yaelahh mau nyoba skrining gratis ulang tahun aja susah bener dari lemot lah, login juga kagak jelas loading mulu jadi tutup buka apk keburu ga mood, klo mo buat apk hire developer yg kompeten biar gk kejadian kek gini yg tadinya mo skrining jadi udah males di awal gegara apk gk jelas begini elahh",1,2026-04-30 22:46:27
d77f5810-ae60-44a9-80c1-634fa85c6ea4,Pin sudah benar tapi kenapa disalahkan oleh aplikasi?,1,2026-04-30 20:24:19
164b2c16-4dd3-4551-a68a-d6345a8c36f4,"CKG lewat piskesmas sembung, yg ke-1 tidak dikirim ke apl satu sehat, kemudian ckg lagi. lewat puskesmas yg sama tapi sudah 2 bulan lebih rapor kesehatan nggak nongol², malah statusnya 'DALAM PEMERIKSAAN'. Kalo gak mampu membuat aplikasi yg mumpuni dlm melayani masyarakat mbok gak usah gembar gembor nyuruh semua orang diajak CKG tapi hasilnya gak jelas, cuma menghambur-hamburkan uang rakyat untuk alat cari muka segelintir pejabat....",1,2026-04-30 11:27:47
63ffddf4-b64d-4462-a834-c48b9d4f95bd,kode otp nya nggak dikirim2,1,2026-04-30 09:59:45
a6f5a6a6-876e-48bf-bb2c-e4e2b6f9ef53,akhirnya pilih kembali 🙏,5,2026-04-29 18:16:10
6d129fd4-8479-49fe-86c9-159a2d7db7c9,aplikasi apaan mau login aja sudah nya minta ampun. suruh masukan sandi tapi salah mulu padahal sudah diganti tetep aja salah,1,2026-04-29 13:20:52
500824c2-0c45-499f-afa8-cc7527fa19eb,login nya susah amat nik atau nama tidak sesuai atau tidak ditemukan padahal udah pas sesuai banget. apk RESE!,1,2026-04-29 12:39:31
cff39e58-3038-44f9-9fac-e947612cf1c3,mau instal dan update dari versi lama gagal terus. ga tau masalah nya dimana.,1,2026-04-29 12:10:57
200177bb-0df7-43a1-b597-3b1eea350ba2,"kenapa ya saya gak bisa masuk login. pin yang diisi benar kok, giliran mau di ganti pin baru malah ke log out sendiri hadeh",1,2026-04-29 10:31:01
72515871-87e9-4d42-a098-94bc40baf88b,"Kenapa Aplikasi ini sudah saya Masukkan PIN berulang ulang tetap saja tidak valid,bahkan saya sudah Ganti PIN tetap sama saja tidak Valid mohon petunjuknya",2,2026-04-29 10:12:08
4990c7ae-185c-42cb-ab96-91a4280d78d7,"perbaiki app nya tolong,daftar susah sekali,nik sudah benar,bisa tidak di temukan nik nya,di APP JKN GAMPANG DAFTAR NYA,TIDAK DI PERSULIT,NIK KTP MASUK!",1,2026-04-29 01:11:50
9425eac1-f066-4a2f-ab8a-c8b8f9a5356d,Puas Sekali,5,2026-04-28 21:18:39
a6457357-31d3-4158-883d-bc5642101ae7,Puas Sekali,5,2026-04-28 20:49:09
25b22a57-e436-4501-8f08-c6b963ac8157,"aplikasi cacat perubahan email di karnakan lupa, dan sudah di ganti malah ga bisa masuk, tolong di perbaiki sistem dong, kita bayar pajak tapi layanan sampah begini.",1,2026-04-28 20:11:09
128a9fe6-9498-44c5-97ca-fbed7ff8c633,"Aplikasi yang sangat tidak recomend, takut data"" yang masuk bocor",1,2026-04-28 18:03:27
29a70d1e-9873-4ef1-bf32-afb5552b5b49,bagus pelayanannya,5,2026-04-28 13:34:35
033f442e-ee94-4a1d-aac2-86edc2ccb660,sudah ganti pin kaga bisa ke buka sama sekali,1,2026-04-28 12:20:21
5c342f82-642f-4c78-9a54-070a8f1e7552,sangat membantu,5,2026-04-28 09:41:14
44646599-3211-4b4f-85ff-ec2e4f51c435,"gabisa login, minta pin tapi katanya salah terus, udah bikin pin baru ttp salah, gajelas bgt plisss",1,2026-04-28 07:16:27
8c310fa6-e1cc-49dc-9eb0-92bdb65a8957,"rata2 aplikasi buatan pemerintah itu kualitas nya busuk salah satu nya ini,mau login sandi salah trus nyoba opsi lupa pin malah FC kan gebleg",1,2026-04-27 19:29:50
d8b81d4f-97a0-4f14-ac5e-72f5485f53fd,terima kasih disampaikan kami bisa fetiksi dini kondisi kesehatan kami 👍🙏,5,2026-04-27 14:45:06
99a13be2-82ec-48f2-af3a-b99c3c8e0efa,APLIKASI GAK JELAS! MAU DAFTAR PKG HARUS ISI DATA KOTA PAS DICARI KOTANYA GAK ADA . KALAU G DIISI G BISA DAFTAR. MAKSUDNA GIMANA Y? GAK JELAS,1,2026-04-27 09:00:49
21926068-f6e7-483d-a1d0-bf7904037ebc,mudah cepat,5,2026-04-26 18:18:59
731d3b06-e513-463a-b37c-5eb7f9ef0d58,aplikasi ini sangat bermanfaat,5,2026-04-25 22:55:11
ca0a1a89-1531-47b6-b076-4a2648c72559,"apa ini saya g pernah daftar tiba"" ntah nomer ntah ktp saya sudah di pakai orang... apakah ini kesalah atau ada permainan orang dalam ??",1,2026-04-25 22:14:22
4e724281-6cc2-4472-bd0d-b3af5a6bddab,mendidik untuk sama sama pentingnya kita sehat 'afiat mencapai sukses berkah selalu 🤲👍❤️,5,2026-04-25 21:55:48
77cbad78-d7a9-46c8-9dff-22efcad3432d,"verifikasinya sulit by email tdk masuk, by no tdk bisa sms pdhl no yg digunakan tdk utk no whatsapp, mohon perbaikannya",1,2026-04-25 15:31:57
6a2f5843-02fb-40a1-89e9-de6a67422882,"no hp sudsh terdaftar, tapi masukkan untuk ganti pin g bisa. dibilamg NIK tidak Sesuai. jelas2 depan mata KTP kita ketik. aneh2 aja... susah kayak gini ah...",1,2026-04-25 14:32:31
9d744cef-a987-4f4a-b0dd-10f838e8c778,baguss,5,2026-04-25 11:02:54
b8a6569c-cf49-4015-be35-78c2d2c0402f,"ini gimana sih, diminta kode otp yg di kirim ke email tapi saling gk valid,. udh coba beberapa kali tapi masih juga valid.",1,2026-04-25 10:53:07
2bf752a1-3ffd-4a62-9cda-8b479df61630,gimana ini mau masuk kok loading trus,1,2026-04-25 08:27:57
f4ceebb3-bb8d-4764-9ec3-09100bc26319,bad,1,2026-04-24 19:37:16
1363bb12-2f72-48e0-ab35-0dd1fcd197e9,good,5,2026-04-24 17:42:19
b2aa2a66-2668-4cce-addb-4bd8658c9a3a,gajelas udah ganti email masih engga bisa udah daftar lagi bikin akun baru masih ga bisa parah!!!!!!!,1,2026-04-24 16:25:01
6527d9dc-d774-4c88-9d92-5ce2796b9253,Kesehatan adalah utama & segalanya.,5,2026-04-24 16:20:45
d048504e-7db3-44ef-a852-c15e725fa692,disuruh pakai ini untuk cek vaksin anak dan sertifikatnya tapi kenyataannya ga ada sama sekali...,1,2026-04-24 15:30:04
d920cbb3-0266-4eb5-a857-3e5de8aa9264,aplikasi sampah susah bgt loginnya,1,2026-04-23 23:40:36
e9d98d56-1d93-431a-998b-80f410c864c6,apk nya bikin ribet skrang harus centang biru dllu mana susah buat verifikasi profil nya sayah sendiri yang kerja di puakesmas gak tau harus perivikasi ke siapa karna di puskesmas blom ada arahan buat nerima verifikasi bgtu dan blom tau gmna sistem nya,1,2026-04-23 20:52:00
a85fefce-6ad4-49cb-98c4-8d55fd16b9c4,masa udh keluar dri akun mau login lgi ga bisa,1,2026-04-23 20:33:59
0564b5a1-7944-40ef-9bc1-6df86fb5cb54,"Bukannya mempermudah, ini aplikasi malah mempersulit. Sudah sebanyak ini keluhan login, sampai saat ini tidak ada perbaikan. Nama aplikasinya SATUSEHAT tapi saya dibuat stress. Tolonglah perbaikannya, saya mau melamar kerja butuh bukti vaksin.",1,2026-04-23 20:13:04
b4696598-2dfe-4ac6-90ba-36c687f2ce85,"saya salah mulu bagian PIN padahal saya sudah coba PIN yg saya pakai tapi tetap saja salah, dan ketika ingin ubah PIN terjadi error yaitu NIK selalu salah padahal ditahap verifikasi",1,2026-04-23 19:02:47
934d9c7f-d098-4ce0-86f4-0ba45baab087,gabisa masuk lagi setelah logout keterangannya tidak valid terus,1,2026-04-23 18:50:44
fc8f7268-0a0f-4a14-88c6-8cfec72dc8a4,Parah hasil skrining tak ada dasar yang tepat.,1,2026-04-23 17:24:58
22a2a355-430d-45d7-a024-5dc7e9553152,ga bisa masuk lagi..sms verivikasi ga masuk masuk,1,2026-04-23 17:05:28
1ee76c4b-c89b-4045-a4c1-7dd29ac86081,saya lupa pin.sdh cb ganti via no WA ataupun email.tp ttp tdk bs.katanya tdk valid.cb daftar baru tdk bs katanya sdh terdaftar.jd solusinya apa nih.saya 2 hari lg hrs isi data CKG dr kantor.,1,2026-04-23 09:59:29
2d7165a4-ef89-4734-9518-8c988d4cfdd6,saya sudah punya akun tapi ketika mencoba untuk login PIN BELUM SIAP.,1,2026-04-22 19:58:43
ae12d982-1e9a-408d-9c27-d147ca4c39e1,"aplikasi gajelas, email sudh terdaftar tapi kebacnya belum ke daftar , saat daftar dengan email yamg sama katanya sudah terdaftar, tipikal apps pemerintah gini kah? urgent nih lagi butuh",1,2026-04-22 16:44:43
ac6c19bb-ef63-418f-8f78-b90d73b5c731,"mau login aja susah banget, pin selalu dibilang salah, udah di reset juga tetep salah terus, buang buang waktu. plis perbaikin apk biar ngak bikin susah",1,2026-04-22 15:32:49
f1a14449-34b3-488c-8de4-22ea7a246d0b,"Selamat siangg satu sehat Jujus sangat kecewa karena telah memiliki akun dan saat telah logout tidak bisa login kembali, sudah memasukkan pin yg benar tetapi permintaan tidak valid, sudah mencoba untuk mereset pin juga sama saja. Mohon diperbaiki yaa, masa harus menunggu viral baru akan diperbaiki? Ini terkait data dan kesehatan yg sangat penting jangan sampai ada kesalahan server atau dari aplikasi karena bisa berdampak luas.",1,2026-04-22 13:26:41
974eafad-d34e-4b0f-bda0-ebcc34ef9134,GG (gak guna),1,2026-04-22 10:09:49
b37bd78d-f58a-463a-b02a-b297b9d43b03,"fitur""nya tidak krluar",4,2026-04-22 08:36:14
6d7e2764-b4e3-46fc-a704-59a13d5e19fb,"dulu sudah bisa login, kok skrg ngga bisa. kode verif ngga kekirim di email. hadeh",1,2026-04-21 18:44:41
64572b4d-a642-4cc8-97d0-004eb1274d2a,bagus,5,2026-04-21 18:38:22
940dc061-4cfc-4819-a5e4-3ca277761613,sangat bermanfaat,5,2026-04-21 16:57:33
bae460cd-5fdb-4781-bd84-71d7d04b5409,"udah coba log in pake no Hp. giliran masukin kode Verifikasi tecantum ""sepertinya permintaan anda tidak valid"" padahal udah berkali-kali kirim ulang kode",1,2026-04-21 14:51:03
4e397ab9-63fb-40b6-a761-dc4705c35c10,"aplikasi gajelas, udh login data gadaaa padahal udah vaksin",1,2026-04-21 13:46:41
865ade94-4ffd-49f3-9924-aa0a8e074b0b,"cek kesehatan gratis pada saat ulang tahun, tapi hanya bisa cek gula darah, saya juga punya alatnya dirumah-_- udah lama antri-_-",1,2026-04-21 13:39:02
8feb2261-b628-4731-bdca-d256c739fd74,saat memilih lainnya di menu malqh kosong nggak ada pilihan,1,2026-04-21 13:30:16
927c307a-cd1f-47f8-a591-65095045b14d,fiturnya jadi ilang sih,1,2026-04-21 10:53:00
4c4af33b-41fd-4aeb-ba55-8aa56186f35b,"erorr muluuu, masuk ga bisa2 padahal nomor udh bener TPI dibilang salah mulu",2,2026-04-21 10:29:07
086a225e-be1e-49b2-8fee-1a14eac80cee,"Sangat mendukung untuk pantau kesehatan semua orang, terutama lansia",5,2026-04-21 10:08:30
80b27571-e845-49b4-9c28-6832fce78023,ok,5,2026-04-21 09:11:44
aa3b9476-9ace-48b0-937a-0680b2531c0d,buat konsultasi enak,5,2026-04-21 08:27:03
a95c472d-95e6-4470-b76b-5491ef38358a,baik,5,2026-04-21 06:47:30
549c8763-3313-4216-bdd7-fd136cc5bb4c,"sudah bisa login setelah itu mau cari fitur yang lain pas dicari gak ada apa apa yg bisa di akses apapun, terus NIK tidak terbaca saat melengkapi data padahal sudah sesuai",1,2026-04-21 03:07:00
58f6b3f2-a1da-4178-a08d-955dcb141be0,"tidak bisa login, padahal udh login pake email yg berbeda",1,2026-04-21 01:06:45
278bc72c-2633-40b3-ac84-b818b0806138,tidak bisa lihat servitikat vaksin COFID 19,2,2026-04-20 21:48:09
3fec667b-e308-4d21-a68e-3132b5687a46,Makin parah aja. mau lihat sertifikat vaksin. kok GK bisa di buka. cuma gara gara kelahiran salah. sudah di ubah ubah tetap aja GK bisa,1,2026-04-20 18:59:51
600397f4-dc64-4c2a-a821-dcdb1fa10c14,mantap,5,2026-04-20 18:50:55
e11a03e8-3491-4480-8ed7-59762bfe1494,sertifikat vaksin tidak muncul,1,2026-04-20 15:32:00
ea2dab11-c75e-41c4-b0b3-775b996c072b,Alhamdulillah setiap rutin kontrol ke rmh sakit selalu baik hasilnya,5,2026-04-20 13:23:40
52f56db9-7e95-49a4-b6a5-4e84eb1b4c97,"udah reset pin setelah mau login ga bisa katanya pin salah saya kira saya yang pelupa, ternyata setelah coba berkali2 tetep aja ga bisa, kerja pada ga becus, aplikasi pemerintah sampah",1,2026-04-20 13:09:31
663d0908-3c58-46c0-91fb-759d9d1cad80,Dengan adanya satu sehat badan terkontrol.,5,2026-04-20 09:50:04
a83681bd-4b49-427b-bbf2-d9c2be5102fb,"aplikasi satu sehat tidak terkoneksi dengan puskesmas di kaimana, malah diarahkan harus pake mobile jkn",1,2026-04-20 07:39:56
ba1efd02-f048-4e5b-9f0a-4abe11c105af,perlu dipertahankan dan ditingkatkan update nya,5,2026-04-20 05:35:11
50dbb5c8-d858-46ab-950a-ae35cc5a7b21,Siip,5,2026-04-19 21:28:33
295506c1-3c85-4d26-8e12-5b9f1b66c590,bagus,5,2026-04-19 20:09:52
416d4e9c-506e-4f13-9fe0-410222cc34d6,Aplikasinya sudah banyak tambahan dan ada pemeriksaan gratis dan bisa memilih apa yg akan diperiksanya...,5,2026-04-19 19:52:35
0f98be90-0b20-4e73-99c5-e4f8eae6f9b1,"Sudah punya akun tapi tulisannya PIN salah, sudah ganti PIN tapi tetap salah, coba daftat baru, gabisa, alasannya data sudah ada",1,2026-04-19 11:27:14
034ecd2b-fbd5-4799-b34a-88ad6d09cc6d,"mungkin klo ada bintang 0 besar, bisa saya kasih ke rating aplikasinya, krn saya sudah dsuruh login berkali kali dengan kode OTP dan beberapa kali ganti PIN, tapi tetap tidak bisa masuk ke aplikasi,, dengan tulisan ""permintaan anda tidak vakid""",1,2026-04-19 09:11:21
77e6f770-7b69-422b-86db-d93cf4557d50,link verifikasi kagak bisa,1,2026-04-18 23:21:08
fd798ad2-cde0-48b5-9d55-bae2ad7d1070,"aplikasi apa sih.. login susah amat, muter² di step p8lih tema, udh d lewati ttep.aja g bisa.. g jelas",1,2026-04-18 23:05:02
e92141b1-7598-4118-8902-f5c824b01e33,susah banget mau login aja.mau lihat hasil pemeriksaan aja rumit banget,1,2026-04-18 22:19:02
e5423594-6132-4873-a7d7-e15209b8117f,gak bisa login padahal uda berapa kali ganti pw gak bisa parah,1,2026-04-18 18:55:50
412e7289-8e53-445c-b9f6-0201f857b883,Mantap,5,2026-04-18 12:38:22
443c144e-517f-4d09-9e7c-da4a71d6b70d,"sudah dicoba berulang tidak bisa login padahal sudah ubah pasword segala, kayak gak niat buat aplikasi.",1,2026-04-18 11:10:56
2f946500-1cef-4bff-ac6f-002ba0fb0c52,terbaik,5,2026-04-18 11:02:27
944bd2d2-0f94-48da-ba60-48f84959699d,sangat membantu untuk wanita karir seperti saya,5,2026-04-18 10:51:19
34b8e4f4-6ab8-467c-a1ed-c276e9c2983a,aplikasi kurang bagus,1,2026-04-18 09:29:38
0ed11141-b6d9-426f-9962-9e86ed1603ad,"pemeriksaan gratisnya ok dan bermanfaat bagi yg anggota pemeriksaanya penuh dengan senyum,ramah dan tulus dlm bekerja..banyak yg seenaknya melayaninya dan hasilnya asal asalan nulis banyak ygkurang sinkron,tolong dibenahi gratis tp bukan Asal asalan hny kumpulin data penduduk .",1,2026-04-18 06:36:44
0dc4616d-e462-47ce-beea-9569c15c289b,"sangat bermanfaat untk melakikan sekrining untuk mengetahui kondisi kesehatan kita, dan dapat menitigasi risiko kesehatn",4,2026-04-18 06:30:35
b6acf958-274a-4bd5-a706-6388d6af16a6,pemeriksaan geratia sangat membantu saya terimakasih,5,2026-04-18 05:43:34
a24dfa5d-5543-49e0-964f-35eb87f979a7,"Tidak bisa login, dan cukup dipersulit saat proses mereset pin. Saya cukup kecewa, semoga segera diperbaiki",1,2026-04-17 20:57:11
783295bb-7d14-4a9e-a99f-f9cd2fa6d222,Bisa Cek Kesehatan Gratis di Puskesmas Terdekat,5,2026-04-17 19:41:42
375aa5d2-0f8e-4ffd-abcd-81c181b9dadc,ini aplikasi si gimana ? udah buat akun udah berhasil kok engga bisa login aneh,1,2026-04-17 16:16:54
00f287b6-58aa-40ad-aea7-f5d8f8471b93,tidak bisa login aplikasi satu sehat mobile ( pin tidak sesuai ) mhon bantuannya,4,2026-04-17 14:14:10
e68cb917-bad8-4573-b04d-22c5f59b5647,sangat membantu,5,2026-04-17 11:13:55
9dbac1eb-b5a4-4af5-8c77-8152dd274db2,"Gimana si sistemnya? udah daftar trs bikin pin, pas mau masuk trs masukin pinnya malah ga bisa, gimana nih.",1,2026-04-17 10:46:32
c6975633-59ca-4db3-b02d-d816949a6714,Aplikasi yang bermanfaat dan sangat berguna dikurun usia dewasa dan menjelang lansia.,5,2026-04-17 06:39:02
c8052143-e9c9-465b-81e2-1d6230c0d91d,"masuk akun disurih masukin pin permintaan tidak valid, lupa pin ganti pin baru dan coba masuk lagi masih tidak valid, niat ga sih bikin sehat",1,2026-04-17 04:19:08
6cc4d112-2e2f-40e9-b771-6527dd850722,"download aplikasi ini karena buat liat rapor kesehatan, langsung masuk notifikasi transaksi kalau CC ke debet otomatis limitnya gila ni",1,2026-04-16 14:46:29
e6ec9dcc-6c8e-452d-adc6-d47d5cd05d84,aku dulu sudh vaksin 3 kali kenapa data aku tidK tersedia kalau aku sudh vaksin??,5,2026-04-16 10:59:02
98e1dd50-d070-4766-bd6f-66e114e6d743,"gak bisa daftar, saat mau verif wa gak bisa link gak connect",1,2026-04-16 10:53:41
ad48bf82-665a-4634-b5d8-f87c05399b9a,Aplikasi sampah. saat minta pun baru pertama kali tidak muncul background angka yang sudah di tap. pada kolom PIN juga tidak muncul akhirnya ga tau angka berapa yang sudah masuk jadi PIN. Setelah masuk mau perbarui info data diri harus masukkan PIN. PIN lupa akhirnya reset PIN. Saat reset PIN sudah input satu angka 6 kali berturut-turut agar mudah dan minim typo. Lalu masuk pakai PIN baru 6 angka berturut tersebut masih diidentifikasi PIN salah.,1,2026-04-16 09:42:40
162c7a61-74e0-41a0-b4ec-a227c114cd8a,aplikasi sangat baguss,1,2026-04-16 09:17:16
6f788126-c25c-4b98-bc45-9fd0a8fcebc7,"kocak lu orang diwajibin pake ini, udah reset pin berkali-kali tetep aja invalid, yang bener kalo bikin aplikasi",1,2026-04-16 08:54:01
14791e50-b37e-4efd-9ecc-2dfbd72e7bb5,aplikasi pemerintah tolol,1,2026-04-16 08:17:09
96daf56f-f7d3-45fa-927d-0c19175fff55,"baik untuk kita lebih tahu tentang kesehatan kita,",5,2026-04-16 05:39:50
11a5d435-182f-4ae4-bf7a-286ed1404c51,ajib bener,5,2026-04-16 05:22:56
7821fa51-4d77-4a65-a049-1aa8ca8be4fe,mau daftar aja gagal terus. katanya kode verifikasi tidak dapat dikirim. heran. aplikasi yg sangat tidak memudahkan warganya,1,2026-04-16 04:30:08
6c58594d-8c60-44e1-b562-c2f3b36ff1e1,"Aplikasi sangat berguna utk kesehatan, dan bisa kontrol dan daftar dari aplikasi ini, terima kasih",5,2026-04-16 00:12:01
cd6d3bbc-f73f-4d68-9e6a-2f4e11912940,aapan sih gak jelas banget segala hal bisa eror eror segala upgrade lagi lah,1,2026-04-15 22:25:29
aa8e6c65-215b-4ba7-b78d-5acc4e66038c,kenapa tidak bisa login,1,2026-04-15 20:43:10
20213c64-7930-42c5-aa17-40348d0a5dd0,sudah punya akun dan sudah berhasil masuk. tp setelah keluar gak bisa login lagi.alasan permintaan tidak valid.data di perbarui harus nunggu 24 jam.ribet amad..server down apa gimana si,1,2026-04-15 20:33:01
848d5de8-e24b-4ba8-a110-c393629fd195,"aplikasi tidak jelas, saya mau mendaftar dengan nomor tlp dan email tetap tdk bisa verifikasi, semua sudah saya cek ulang tntg data saya, dan itu benar semua, saya juga tidak pernah mendaftar sebelumnya. bagaimana ini? saya jdi susah untuk membuat surat vaksin untuk melamar kerja",1,2026-04-15 20:18:41
82c1271f-53fc-4643-a4b4-a7a90205acb0,baik,5,2026-04-15 17:49:30
8eb25cf1-96f5-4f20-8a70-5430ddf1a0db,sejauh ini baik tidak ada masalah dalam penggunaan aplikasi. lebih diperbanyak lagi fitur nya,4,2026-04-15 15:25:13
e18f772b-baf1-4137-8ace-80fce8ab44ed,Aplikasi jembot ga bisa di buka mmk,1,2026-04-15 15:23:54
054b45c2-9a64-4838-a858-9c97b1f06da7,kenapa tidak bisa buat akun verifikasi nya g masukkan,1,2026-04-15 14:21:35
95f35f47-e3b7-4137-b870-c0a35b0af9c1,pelayanan sangat memuaskan,5,2026-04-15 13:56:15
c0b1b904-5b65-46f9-8dcf-f407ba042772,sangat bagus,5,2026-04-15 11:59:00
3319efd2-fe19-4a2e-a93c-0a8865c46860,Bagus🙏👍,5,2026-04-15 11:56:26
52e6a773-ed73-44f5-afb0-cd450372321a,"mau daftar tapi ga bisa kirim verifikasi, kirain bug, ternyata emg aplikasi cct",2,2026-04-15 11:49:42
ed4cef2c-f9cb-4a67-bf07-cc136f26987f,bermanfaat,5,2026-04-15 10:22:16
47ee1fa1-9812-4282-87d3-489e17337d75,bagus,5,2026-04-15 10:06:38
d0ddeacc-e983-455a-8e6a-eb39edf21bb4,"padahal no hp sudah 12 digit,tapi tetep aja minta lagi no, terus pekerjaan pelajar susah ngisi di bagian jenjang,mau nambah CKG anak susah banget",2,2026-04-15 09:20:37
ee039c7c-4d3d-4d89-8241-e283ad7749e9,sangat puas,5,2026-04-15 08:52:07
75a964e2-04b3-4144-b777-b9244e1d30f1,"selalu gagal tiap login padahal udah bener data data yang dikasik, udah coba juga reset passwoard dan ganti email tetep juga ga bisa login",1,2026-04-14 19:42:55
fd31a151-0e3b-4ca8-8dd4-a0792e3c04df,"Tidak bisa daftar, keterangan no hp maksimal 12 digit. ganti via email jg sama. daftar via ikd error.",1,2026-04-14 18:30:11
01dd990c-5353-4652-a98e-b276e6ed0dfd,"aplikasi ga jelas buat login susahnya minta ampun, padahal sudah sesuai data yang di input tetapi ada aja masalahnya, ya tidak valid sandinya lah padahal sesuai dengan sandi yang sudah dibuat",1,2026-04-14 17:30:17
e8f96eb4-a26b-4383-9207-9ce9d0fe88a7,"aplikasi gak jelas kita daftar selalu nomor hp kurang, padahal sudah 12, aplikasi geblek bikin emosi.",1,2026-04-14 14:02:53
1d47c1b9-78b2-4b06-bde5-55ab6d24cd45,puaas....trims,5,2026-04-14 12:54:55
7c14a2a5-7403-4ec9-91b9-bf8a712a255a,baik,5,2026-04-14 10:54:58
d582f287-cc13-433a-abd6-ebd349732552,ok,5,2026-04-14 10:14:39
7dc77238-dc4f-4af3-bd64-ba89465df09e,"gabisa masuk pake nik digital, gabisa daftar pake email atau no.telepon lu bikin aplikasi beginian niat ga sih?",1,2026-04-14 10:02:30
52242a74-47d4-4be0-bdfd-d34e51d6c275,"kenapa total g bisa di buka ya , adahal sandi sudah di ubah trus tetep saja ga valid aplikasi sbelumnya Masi ok pacar , skarang mah masuk akun nya aja g bisa",1,2026-04-14 08:33:51
92b98406-8293-4086-8a0f-86ece2ece146,Info tidak bisa untuk mendaftar,1,2026-04-14 08:08:53
b434eeae-a484-4686-92e4-e0e212d36800,Sudah punya akun dari lama sejak zaman covid semenjak berubah nama akun menjadi satu sehat mau login malah susah banget. paraaah,1,2026-04-14 07:33:19
abe3e61d-86aa-4992-9144-8da07b5e78ff,dengam aplikasi online lebih efektif dan pelayanan yg cepat dan efesien dan pleksibel. dengan aplikasi online akan merepotkan dan jadi brban bagi yg tdk.bisa it.,3,2026-04-14 07:11:45
a217b162-67e7-43ec-80c0-617906fb4131,bagus. bermanfaat,5,2026-04-13 23:40:13
934f367e-ee17-48dd-a0dd-83f926d73ba9,aplikasi ga guna ga jelas banyak yang ga bisa di akses,1,2026-04-13 23:22:25
6942f49d-8a0a-49e4-ae09-efb638f8aa30,sangat membantu pada saat perjalanan umroh dan haji krn menjadi syarat perjalanan ibadah.,5,2026-04-13 22:43:59
3ce98442-af4d-429d-a5e0-891adb323b95,"para si aplikasi ini mau daftar aja gak bisa tertera nomor harus tidak lebih dari 12 digit, padahal nomor sudah benar",1,2026-04-13 22:27:56
985da72d-a0f3-4d7e-8a24-65d4f64c5388,"pengen daftar tapi ada yg aneh pas isi nomor telepon harus dua belas digit tapi nomor gue cuma sebelas kalo gue isi awalan 0 kagak bisa karena udah ada 62 jadi gue isi langsung awalan 8 tapi cuman sebelas digit, kacau dah",1,2026-04-13 19:40:57
2ce03ed2-7fa3-4b23-9206-6633e7c84a02,mantap ntuk pelayanannya cepatkebersihannya baik,5,2026-04-13 18:45:57
b4375225-dcc0-4096-ba2b-024654a8d053,"kenapa susah amat mau daftarnya? NIK belum sesuai terus? pin salah terus, no hp sudah terdaftar, email sudah terdaftar, nggak bisa verifikasi by wa, trus gmn ini?",1,2026-04-13 18:32:11
e28c9817-34c5-4437-ab98-cff8dd81d68c,sangat membantu,5,2026-04-13 16:59:18
39b59095-5334-4256-91f8-0d9f3cf378a3,satu sehat mantap,5,2026-04-13 14:51:05
f7fe3417-2ed2-4ddc-aed9-24360c6b2be0,pelayanan baik dan cepat,5,2026-04-13 14:21:30
ffec60e1-a1b9-40dd-8b0d-0bfae80268cb,"gimana sih, baru aja mau daftar, suruh masukin nomer, giliran dimasukin nomernya ""nomer 12 digit"", lah XL cuma 11 digit (tanpa nol didepan), giliran pake email suruh tetep ngisi nomor, balik ngisi nomor lagi, coba ditambahin satu nomor tetep "" nomer 12 digit""... gg jelas banget",1,2026-04-13 14:12:30
0af101ea-5b7a-4c3b-89e9-d3ef69cf4a48,semoga semakin baik lagi,4,2026-04-13 13:04:35
e5568bc4-a4c2-40af-9c83-3bf7e0ca012e,sangat bagus dan membantu masyarakat,5,2026-04-13 12:16:17
441e25a4-ea63-4233-bee3-3a18d386c4d2,sangat membantu,5,2026-04-13 11:44:48
bf92414b-aa51-4864-942b-e2c2306a31ed,Saya sekarang cek kesehatan gratis di Kantor Setda Kab.Tegal.... tp sblmnya pada tanggal 9 april saya dapat WA Kemenkes yang memberitahukan bahwa saya sudah melakukan CKG pada Puskesmas Kesambi Margasari padahal saya tidak pernah melakukanya. kok bisa yah data saya sudah ada padahal tidak pernah CKG,5,2026-04-13 11:44:40
ff3e3e40-428f-47b6-9c5e-a084b901ab63,"ga bisa masuk udah di coba pakai no hp dan email masih aja error no hp harus 12 padahal udah bener, terus ganti ke email malah sama tidak bener juga",3,2026-04-13 11:41:33
e65e4179-8a53-4535-861b-77f04d87b4de,kenapa pas saya login di aplikasi ini selalu gabisa dan permintaan anda tidak valid padahal tahun kemarin pas saya login gampang²aja ga sesusah ini tolong dong di perbaiki jangan semakin kesini semakin susah bukan gampang,1,2026-04-13 11:28:41
5fe4cf22-fb7f-499a-8b38-d8ae8f1731eb,josjis,5,2026-04-13 09:43:56
ad990a87-092b-417a-ab17-a82bbec2b34e,sangat bagus,3,2026-04-13 09:40:56
a0082986-329d-4bc9-97cc-961d5d2e71dc,"saya mau melaksanakan tes kesehatan gratis. sudah daftar by app. tapi waktu hari H sampai di puskesmas, sistem down dan tidak ada solusi. hanya disuruh kembali kapan-kapan saja. termasuk app juga mendadak tdk bisa login. saya yg awalnya excited ingin mencoba fasilitas pemerintah jadi semakin skeptis.",1,2026-04-13 08:59:58
5c3e80d0-73c1-48d1-9d9e-777fd198fa15,"min ini daftar nomernya gimna, saya daftar gabisa bisa kira kira knpa yah maksimal 12 nomer sedangan nomer yg tercatat kn 11 nomer saja",4,2026-04-13 08:39:31
3018a1b6-136f-4c78-a1c2-ca67dcea492b,sangat membantu,5,2026-04-13 07:08:21
ca585646-c7b5-4772-8fde-65cc51ee89c6,"aplikasi apaan ini, buat masuk gabisa daftar lagi ga bisa muter muter aja giliran ada kodenya ada notif masukan kode yg benar",1,2026-04-13 02:55:18
1bcb5278-dcfd-453c-a59c-1e4e97e022d1,status kesehatan diri,5,2026-04-12 22:36:37
adcfceb4-ed8e-4e88-a766-064b31f75b2b,"SANGAT BURUK. NGISI DG DETAIL BENAR NOTIF NOPR MAX 12DGIT, PDHAL NOPE SDH BENAR YG DIMSUKAN CMAN 11 DGIT. LWAT KEPENDUDUKAN APK JUGA MUTER AJA. WOOOIII PEM. JGAN KBNYAKAN OMONG KSOONG YG GAK ADA FAEDAHNYA.",1,2026-04-12 19:04:57
fa71a9ae-31c5-4ddf-a8f5-0cc175736104,"pelajar disuruh daftarin pake aplikasi kalau mau CKG disekolah. tapi Aplikasinya masih mentahh, di klik gabisa,loading parah, sampe emosii nunggu lama banget masih belom bisa2. dibenerin dulu aplikasinya, baru di terapkan.",2,2026-04-12 14:20:18
e6cb5df5-30b3-4c99-af18-eb5160696ec1,ini saya nomor hp lama cuma bisa isi 11 karena 0 nya di hilangkan dari aplikasi jadi gk bisa daftar tolong di perbaiki,1,2026-04-12 11:47:13
ac16fec5-2e4d-488a-8118-4d08af4c2011,"aplikasi ini aneh, padahal mau daftar malah ga bisa karena no telp kurang dari 12 digit , jadi bingung saya sama ini aplikasi bukan nya mempermudah malah tambah di persulit",1,2026-04-12 10:47:16
f90aa9be-f782-4dd6-b813-a4f414b24cdf,Alhamdulillah Semoga selalu membawa manfaat dan kemudahan,5,2026-04-12 10:40:15
472e7229-aee5-4f12-9580-addb8f2dd177,mengapa daftar pakai nomor telepon tidak bisa ???,1,2026-04-11 19:51:08
f999d90b-68e8-49c0-8763-78da1cfbc621,"aplikasi ini sangat berguna bagi saya pribadi, karena kita dapat melihat hasil pemeriksaan medis yg telah kita lakukan",5,2026-04-11 16:23:26
8c45a26b-9cd5-4ffa-9bfe-9c9a7b745598,"aplikasi buruk, mau daftar sudah mengikuti arahan malah masalah d nomor telepon pdhl nomor telepon sudah benar",1,2026-04-11 13:15:55
f631aded-118f-471e-8bfc-389fca58384f,gjls bgttt baru mau daftar gk bisa katanya nomor HP salahh udah sampe diulang salah.,1,2026-04-11 13:13:11
854bae69-d6ce-4aa5-93cc-4e4bd7d20153,"aplikasi pemerintah ngga ada yang bagus menurutku sejauh ini ribet semua entah itu verifikasi, nomor hp kok gitu banget dah apk nya",1,2026-04-11 11:22:12
3a3a4bdf-8b23-4fc6-8779-fe4814125bf1,sertifikat vaksinnya ga bisa di unduh,2,2026-04-11 11:09:14
ce2f119f-fe7a-40c0-88a4-6fc19f354fa8,"ga bisa daftar tulisanya nomer hp maksimal 12 digit padahal sudah nulis bener dan diganti pakai email juga tulisanya sama ""nomer hp maksimal 12digit""",3,2026-04-11 10:10:26
d66d94d5-9f29-4bb3-8902-a3923d66ba8c,Bagus untuk pemeriksaan,3,2026-04-10 19:13:41
83acccc4-253c-4d2a-bdc8-0eb99aa79cb9,Sangat bagus untuk membantu mengontrol kondisi kesehatan kita,5,2026-04-10 08:51:44
759ce760-0cfb-4167-9fff-c06e06db0f85,bagus,5,2026-04-10 07:00:42
fcfa5248-9011-4390-aa98-cc4abe8227d6,tolong diperbaiki lagi masih ada bug dimana saya ngisi tanggal lahir bulan serta tahun sesuai namun tetap saja salah dan saat ingin diganti tidak bisa sama sekali sehingga saya tidak dapat mengikuti screening kesehatan karena data lahir salah.,2,2026-04-09 20:43:33
9cb18654-a2d3-411d-a527-12745eb9f47f,"Aplikasi Ampas, fix in dulu",1,2026-04-09 19:03:37
2b90e455-e8a0-4bc0-ac27-2465e53ea315,gimana ini nggak bisa login login Mulu tolong tanggapi min,1,2026-04-09 17:20:42
1678a6de-7b13-45b0-a82b-0ed346319833,Alhamdulillah sangat membantu dg ada nya APK seperti SATUSEHAT ini👍,3,2026-04-09 15:43:35
8b844d0e-dc3e-411f-b358-5f59d55a6215,suka nge hang apk ny,1,2026-04-09 12:47:06
fda6f140-cf18-4f53-aceb-f01c682ad46d,terimakasih sdh ada program dari pemerintah,5,2026-04-09 12:18:50
ec20ae90-f465-418f-a872-90851eb0ef50,baik,5,2026-04-09 10:59:22
3232857c-7958-4137-bdd3-9afaa52a48f9,"Pelayanan baik,terimakasih",5,2026-04-09 10:28:55
ae0b6820-4536-45de-9e15-14f4fcd69407,"pin udah berhasil di ganti. di masukin no dan pin, tidak valid terus. oke, saya hapus. karna sistem aplikasi ny ga bener",1,2026-04-09 10:13:12
117b867f-b58c-4362-a1a1-5093f828ea66,sangat baik,5,2026-04-09 10:00:34
e4eb4eb6-83d8-47a4-adaa-1939252997a9,bagus,5,2026-04-09 09:00:53
3ba74b86-e5ac-41cb-89eb-5033982c50fd,Sangat membantu untuk menjaga kesehatan..,5,2026-04-09 06:48:39
0dc51651-18da-4d61-bf57-96105cb57b0f,bagus membantu.tapi saat ini kami mau simpan klik lokasi gk bisa muncul apa memang lagi error aplikasinya.trimakasih,1,2026-04-08 20:56:34
c9120701-98c8-4030-8289-9d21c6c63e6b,"saya tidak pernah mendaftar untuk CKG sebelumnya. Saat ini baru mau mendaftar dan tau-tau sudah terdaftar tapi tanggalnya sudah terlewat. Mau ubah tanggal malah gak bisa, katanya disuruh cek tahun depan aja. Bagaimana ini solusinya?",1,2026-04-08 18:24:24
22ad0445-6e09-4a1c-b1d0-f48d87d6c35c,"Sejauh saya menggunakan Fasilitas ini Cukup dan Sangat membantu sekali, trimakasih 🙏😇",5,2026-04-08 18:23:02
73aa82e6-9748-4f13-9510-3b5ab7c67c74,"akun sudah lama punya, setelah update terbaru malah gak bisa login, selalu notifikasi nya ""Permintaan tidak valid"". sudah lupa password,lupa akun,setelah berhasil reset tetap aja gak bisa login.",1,2026-04-08 16:02:48
cb10c302-ac72-4c42-a5ce-be976c36115e,"susah ga bisa login, pake no hp kode otp ga masuk masuk",1,2026-04-08 11:22:22
5886f92d-a8f6-4767-b79f-4634f2939b9c,oke,5,2026-04-08 08:18:58
ba74ba04-de50-4b70-9a2e-1b9bfd07bc04,aplikasi sangat berguna,5,2026-04-07 22:42:27
fee8fee0-0fb9-4002-a823-baef63f8e4a1,mantap,5,2026-04-07 20:02:03
426c06a3-eb5d-48df-9fb1-efbcba330c75,bagus,3,2026-04-07 17:17:18
bb738c1c-0c69-439a-8a37-32646ed00c8c,Top,5,2026-04-07 10:52:48
817b7c57-de93-4b67-83ae-23d47dececc0,selama ini tidak ada masalah cuma ini kenapa ada kendala ketika memasukkan hasil cek gula darah tidak mau terinput. sedangkan utk kolesterol dan asam urat tidak ada masalah. selebihnya mantap dan bermanfaat utk cek kesehatan setiap bulan,5,2026-04-07 09:40:23
2479d0a2-385e-4eba-96a3-e33b977c2313,lebih mudah,5,2026-04-07 08:32:16
3822431c-68f8-4032-856a-c6e32a0ceb05,"GAK GUNA, UDAH TES KESAHATAN DARI TAHUN LALU, SAMPE SEKARANG GK ADA HASILNYA.",1,2026-04-06 22:46:23
791a20d0-a1d8-4b7a-9fa7-fef17ab9035a,"Pemeriksaan gratis sdh sangat bagus dan sangat bermanfaat, semua pemeriksaan lancar, tdk ada masalah. Trimakasih utk pemerintah sdh mengadakan program ini.",5,2026-04-06 15:42:47
30018229-af92-4f73-93a7-2ad9fb2ab23e,no telpon saya lupa suru di ingetin mana inget coba aneh percuma ini gk bisa login dengan cara apapun bantuan tidak ada. jelek bngt,1,2026-04-06 12:58:32
300ca6cc-c494-47c6-bdcd-38410fa4ad1c,pelayanan ramah cepat dan tanggap terima kasih para abdi masyarakat di puskesmas satelit..,5,2026-04-06 11:38:51
56410ac0-9b1b-4b80-a49c-e56b59216b09,semoga kedepannya semakin lancar,5,2026-04-06 11:20:20
8c2c68b8-0490-4a50-be2d-3853d7d6b6d5,trimakasih kegiatan ini bagus untuk mengecek secara dini gangguan yg dialami,5,2026-04-06 11:12:53
695bb9e3-2825-4ce3-bf32-355ea0666fe0,utk catatan kesehatan pribadi sangat membantu,5,2026-04-06 10:41:11
be005696-659f-46b9-85e8-ae7d61cea0f1,tolong untuk waktu tunggu nya jangan 5 menit! 1 menit cukup oke... nyusahin ngerti ga!?,3,2026-04-06 07:47:03
5a663f6f-2c9b-412d-b617-e4a6fcc59c2f,Sangat memuaskan. pelayanannya Prima,5,2026-04-05 21:26:28
cbd55927-2dc8-47da-a9dd-65c8cd013270,"aplikasi gak jelas, gak guna",1,2026-04-05 17:17:00
8e5570e4-6f1d-4b63-a245-4141772eca02,"ngga bisa masuk,ketik no pin gagal terus.coba lupa pin setelah bikin baru,tetap ngga bisa masuk bilangnya pin salah",1,2026-04-05 00:44:31
099c3b89-b79d-44b8-938d-521731b86106,sussah untuk login,1,2026-04-04 20:00:18
03c81bc0-9adc-4b39-92d6-b28cf506fe8e,Sangat membantu dan bermanfaat,5,2026-04-04 18:32:52
e15b847a-6e2a-4a3d-96d4-32761efcc726,ok,5,2026-04-04 12:57:35
28c41307-c1a9-4758-9186-7d2437968cfe,"saya mau cek sertifikat vaksin, tapi setiap login saya tidak bisa masuk dengan alasan ""sepertinya permintaan anda tidak valid""",1,2026-04-04 06:57:19
553992d4-f047-43a3-907b-58ae61ef0d1b,HP saya sudah tidak bisa update lagi.,2,2026-04-03 18:26:14
21cf0236-320e-4010-8089-bb22b140f1d6,rekomendasi,5,2026-04-03 16:24:40
412e8f85-d470-4455-8759-477190fa6aba,baik,5,2026-04-03 14:48:55
fe1e6cbb-30d6-4f58-9dfd-9499b9e88dad,"setelah cek ckg tidak lama dpt info, lanjutkan",4,2026-04-03 10:12:39
13e2c918-8637-4e60-af02-d3046dae017f,good,5,2026-04-02 11:50:46
f6f8b469-ea9f-4b84-a594-40660df11a39,apk eror,1,2026-04-02 09:23:43
907a3a93-1440-4f24-b465-9681d55aaa8e,Banyak Bug,1,2026-04-02 08:28:06
8b10d99f-be5e-4893-8ecd-4abdaaa0b9f3,"terlalu banyak kendala, ada menu sinkron dg IKD tp tidak bisa, login dg data yang sdh ada tp tertolak, reset pin sudah tetap tidak bisa login",1,2026-04-02 07:53:09
177c9c61-94c1-44de-a173-20ddfd8db92f,GOODLUCK EVERY BODY🇦🇺🇦🇺,5,2026-04-01 19:26:38
e0267f21-9d01-485c-8b04-1281f0fc3e67,selalu update info nya,5,2026-04-01 15:52:36
32e37eb5-5388-4893-a3ed-717f25114a00,"[sudah isi link formulir keluhan tapi tidak ada tanggapan]. saya belum daftar CKG kenapa sudah keluar hasil rapornya? tinggi badan saya 153cm di rapor 160cm? punya siapa itu? ulasan hanya dibalas otomatis, sangat buruk aplikasinya.",1,2026-04-01 13:56:41
97264583-c9ae-4fbc-93d4-8d99fd656631,"Aplikasi error, tidak bisa menambahkan catatan kesehatan gula darah, bahkan data yg sudah ada malah hilang.",1,2026-04-01 13:05:11
53e0a26e-f02d-4bab-8e99-101dafd33924,"JELEK RIBET BANGET ,SUSAH BANGET BANYAK BUG",1,2026-04-01 12:44:00
1720970d-a547-4b01-87fd-2e958493c2d4,di ganti pin gabisa,1,2026-04-01 11:23:04
410fa18b-6460-4cf4-8a17-51c764512c64,baik untuk mengukur kesehatan,4,2026-04-01 09:19:10
3d0fa73d-d5a9-4a7f-b281-14f6ecaf7831,dengan adanya ini menjadi lebih tau tentang info kesehatan,5,2026-04-01 04:18:24
cfa0033b-06bf-4238-8020-5c07d8d6a613,"Saya sudah pernah vaksin meningitis, vaksin flu saat akan berangkat Haji pada Tahun 2024 tetapi tidak tampil di sertifikat vaksin.",4,2026-04-01 00:03:47
32dd54d0-7266-4635-a089-bf859145df4e,baik menyenangkan,4,2026-03-31 17:32:58
1f8d8934-5a6f-42c3-974d-9d1d2b4d5409,memuaskan,5,2026-03-31 07:11:25
104b7c60-6cac-403e-b0da-05b0ca0eb55a,Tolong sistemnya di perpaiki saya mau unduh sertifikat vaksin saya tidak bisa coba lagi coba lgi keterangan nya,1,2026-03-30 21:27:45
5ca1dee4-181e-4628-96b9-8f4ef125a82e,tidak bisa dibuka,1,2026-03-30 20:30:35
e9941b35-6d61-435a-9a7f-6e9332f30a68,kenapa data saya tidak bisa untuk daftar cek kesehatan tidak bisa du submit karena nik tdk sesuai padahal sudah sesuai,1,2026-03-30 19:23:57
3ad819f0-7add-46f1-9650-b3d263163b7b,"Dengan pelayanan yang ramah , dan peralatan medis yg memadai dsn bersih ,saya merasa nyaman dan puas...top ok untuk puskesmas kuta II. Suksma...",5,2026-03-30 15:00:52
6ec02ee4-b331-4de7-8a71-601349efcf26,Lumayan bagus Satu sehat,5,2026-03-30 13:39:55
28f3cf3c-f84e-44bc-afa0-61fe7f78f877,"saya pertama kali melakukan Cek Kesehatan Gratis dalam rangka ulang tahun.Tapi dilembar hasil pada di pos terakhir banyak salah dan ngawur. Saya sedang tidak sakit telinga tapi di hasil jd sakit telinga, mata saya minus tapi hasilnya di anggap normal saja diinfokan dari nakes yg mengisi skrining. saat ditanyain pun sangat minim atau beberapa saja. banyak tes yg di skip alias tidak ada tes sama sekali tetapi di hasil dinyatakan normal. seperti skirining sendiri jawab sendiri.Gak guna jadinya",1,2026-03-30 09:04:30
93f40760-077c-4fc5-9f6b-b12ebad050d3,"Maaf sebelumnya, saya mau tanya.. kenapa fitur catat gula darah selalu gagal dan tidak bisa diakses? mohon diperbaiki jika ada masalah agar kami penggunaka satu sehat merasa nyaman. Terimakasih",3,2026-03-30 05:48:00
1ea7011f-41f7-47b0-a22e-1344a37c8d44,sangat bermanfaat,5,2026-03-29 04:54:23
1012054b-c50d-4b1b-a337-9650c94e12ac,mau login dari kemarin gak bisa,1,2026-03-28 22:05:28
ef8c8c5e-9b73-4ece-8933-ef15649f7701,ga bisa login terus,1,2026-03-28 20:07:51
83af091d-8cfd-426c-9bea-9b1c40e1d766,sangat bgs Sekali,5,2026-03-28 10:40:17
38738355-ed8b-4da0-a355-8ba0cc8dc431,top,5,2026-03-27 11:37:39
d59ba2e3-4734-41ca-96e3-7227e745c3f9,sangat membantu sekali dngn adanya aplikasi SATUSEHAT ini 👍👍👍,5,2026-03-27 11:19:53
15e12588-ddf9-4669-8141-1fef3fe101f2,"mantap,",5,2026-03-27 07:59:46
1839102b-f1f1-497e-9bfa-026ba4289a5f,"gabisa login, password dah diganti, sampai dicoba login jam sepi juga masih tulisannya permintaan anda tidak valid, aplikasi nya diperbaiki dong!! masa aplikasi untuk kepentingan administrasi dalam negri begini😮‍💨",1,2026-03-26 08:42:59
72123ea5-83dc-41b4-bac0-b244cf1bbabf,sangat membantu khususnya bagi saya yang selalu ingin sehat dan bugar serta seimbang dalam tatanan tubuhnya,5,2026-03-25 15:01:41
5970a962-60af-451e-a01b-993821c91d76,mantap,5,2026-03-25 11:44:33
666da670-2e56-4cd2-a183-b7759b7b99dc,"data catatan kesehatan yang di isi mandiri, kalau ada ter log out jadi hilang, tidak tersimpan, mengecewakan",1,2026-03-25 11:37:29
63cccaf3-20a0-450d-b202-b40fab1cbce9,Bagus,5,2026-03-25 09:26:26
d9895ff8-f39b-4c66-b240-2142925f5fcd,So far so good lah,5,2026-03-25 07:44:18
aa960ae6-4edf-4a54-803b-a82b90e4e637,"Di coba tidak bisa, lupa pin tapi gak masuk- masuk padahal sudah berhasil ubah pin",1,2026-03-24 22:18:58
ab1b8c57-5a4b-4fca-9acd-3ecedea86ec6,Hebat Super sekali 😎,5,2026-03-24 15:41:03
6ca6dccc-16e8-4f75-a871-c403a09f4cfc,Sdh di update jadi tidak bisa di buka bagaimana ini ?,3,2026-03-24 08:43:21
30e3c6a6-a606-4425-9fe9-f7af1d46a2a9,"udah punya akun kenapa saya gak bisa masuk ke akun saya, tulisan nomor sudah digunakan terus, pas masukin pin salah terus padahal udah bner. saya sampe ganti pin beberapa kali salah terus pas mau login",2,2026-03-24 08:20:39
4f39d43d-99ba-45fe-a897-690f4ed732ec,tidak bisa connect ikd!!!,1,2026-03-24 05:58:07
b76c816e-f48a-4062-b58c-11951affc521,"Berhubung di reply, ada bug pada opsi login menggunakan app ""Identitas Kependudukan Digital"", tolong di periksa",4,2026-03-23 18:54:10
bf9e8eba-ba36-4066-98a4-c23101b0ed78,sangat baik,5,2026-03-22 17:40:08
23dc277f-1e34-4fd0-b240-a1e2412f9d3f,dapat mengetahui keadaan kesehatan kita di hp secara online 👍🙏,5,2026-03-22 02:01:49
ba28aec9-13e8-44d4-a332-e1d26615161d,excellent banget,5,2026-03-22 00:36:07
9c6a7111-20b1-4e07-9a67-01accfa831c4,udah enggak bisa dipakai,1,2026-03-21 17:24:09
beb1aedd-577f-4922-a79c-a7d8437e5d08,Jelek sekali! Gak bisa login sama sekali! Bikin aplikasi gak becus!,1,2026-03-20 16:06:10
9e3558cc-aff8-409e-bde8-e045b3b6fe8a,point hilang,1,2026-03-19 07:46:54
cb142fb1-66c9-4ff7-bfeb-767b41f197d9,bagus,5,2026-03-19 03:12:03
4b347302-6c07-474f-b255-e898d0c47170,"tidak bisa masuk aplikasi, pin notif selalu salah padahal sudah reset pin berkali-kali",1,2026-03-18 20:20:45
126d8263-29ad-4339-a3d4-34a6d0833aa3,"nggak jelas. pin saya salah terus. sudah ganti pin, sudah saya masukan semua data. lah kalau urgent gimana? keburu lewat.",1,2026-03-18 14:34:15
37a8926a-c029-4ca2-a974-fc5ea4399bb6,kreatif dan inovatif,5,2026-03-18 11:50:39
e1f16b46-2acb-41b3-b436-493b73bfa090,terima kasih tuk progam cek kesehatan gratisnya. bermanfaat sekali. ini tiap tahun kan ya?,5,2026-03-18 04:33:23
176b58c0-2b8e-499f-8ea1-b823b17ad47c,terbaik,5,2026-03-18 04:24:14
eb2e93e4-0e65-4833-ae16-6090348f25a1,Bgusssss,4,2026-03-17 19:15:00
0208ec5d-285d-44cb-b1b6-7bbbf5bdcbca,"SUDAH ADA JKN KENAPA MASIH PAKAI SATU SEHAT DAN JUGA, MALAH RIBET APLIKASINYA. MALAH GAK BISA DI HAPUS AKUN. MEMORY HP JADI PENUH KARENA APLIKASI DOUBLE",1,2026-03-17 12:05:16
1ea785a8-7d8d-406d-a50d-64649ce7c96e,permintaan anda tidak valid. tidak bisa login,1,2026-03-17 08:39:25
f7cfc287-ad39-4ad3-9202-46beb3fca84c,Terbaik.,5,2026-03-17 07:01:02
1214e1a1-2fe3-4a29-9504-53a39a32901c,setuju menjadi tanggung jawab kesehatan di satu sehat,5,2026-03-17 06:36:34
41e7b3a5-ea61-420d-82d1-5c70b43e3ae2,"boro² login, aplikasi di klik tok loading lamaaaa. udah nunggu lama malah blank",2,2026-03-17 04:23:39
e0dcfef9-cfdb-49ae-9e8f-bf70a34580d1,"point ,/rewodnya di lanjut ya kak",5,2026-03-17 03:58:43
459cd9d7-1557-4fde-bf03-22b9610e2c90,"bisa berkomunikasi dg pihak kesehatan. karena sy baru buka, aktifkan hp.. pendaftaran untuk pemeriksaan kesehatan, saya tunda - daftar ulang ssdh idulfitr i (mengisi form) - tksh",5,2026-03-16 22:38:42
d355098b-95be-49af-94b4-da5fb4cb9b75,Parah habis noh aplilas1nya...login ga bisa2 jelas2 password dh bener...forget pass sdh masukin otp error mulu keterangan permintaan tidak valid...ngaco nih dh pasti...paraaah2....pliss atuh...jgn ngawur gini..,1,2026-03-16 21:54:23
0b25dbc2-67f4-4e54-92bc-ebc5a925c57c,sangat membantu untuk mengetahui kondisi kesehatan,5,2026-03-16 17:11:51
dd140de1-8d3f-4231-a5de-493244c60248,"Ini masih bermasalah, saya mau ubah ke bahasa Inggris gak bisa malah masih muncul bahasa Indonesia. Terus juga kalo sinyal hilang ini sangat riskan sekali hanya untuk masuk bioskop / mal saja sudah susah sekali Masih jadi masalah sampai sekarang dan saya tidak bisa masuk ke akun SatuSehat",1,2026-03-16 11:58:32
3ff85503-43c3-42a8-a19e-994672483e8b,sangat membantu,5,2026-03-16 11:15:50
3d8bc4ca-5dc6-490d-b45e-c698925d010f,kenapa ga bisa melakukan pendaftaran padahal blm pernah cek kesehatan sama sekali malah udh ada skrining nya,1,2026-03-16 02:14:11
8a60d737-97af-4d4d-a827-b88b0b27db4b,sangat membantu dalam menjaga kesehatan,5,2026-03-15 11:32:49
b387d7ed-322c-4d4e-b57f-276f638eec02,kenapa aplikasi satu sehat waktu dibuka keluar sendiri aplikasinya,2,2026-03-15 02:49:16
68817ec9-2998-439f-8bb4-5391a7a4a266,pelayanan yg baik,5,2026-03-14 09:48:37
f3d2e50e-79b3-4442-b5f3-e7269caefee0,sangat membantu kami yang keterbatasan biaya untuk pengobatan,5,2026-03-14 07:45:26
9ccb8b92-c7f8-455c-90b4-9c9a5a27bc0b,"bintang -1 kalo bisa. ngga bisa login, sudah bolak balik lupa pasword. sudah verifikasi. mau login tetep salah pasword terus. sistem ngga guna",1,2026-03-14 05:48:41
6bb6fcda-268c-4a2c-9ebe-06017061a437,jujur saya sudah beberapa kali daftar dan masuk kembali tetap tidak bisa dengan alasan pin salah dan saya ganti tetap sama tidak bisa masuk. tolong dong arahannya apakah aplikasi ini bisa di gunakan apa tidak. seharusnya aplukasi ini membantu masyarakat untuk mendapatkan data dan informasi malah membuat ribet bolak balik untuk masuk aplikasinya,1,2026-03-13 21:29:35
1a6ec8bb-2a05-476d-92e8-a8de45e0898b,sangat membantu praktis mudah di pahami,5,2026-03-13 08:29:12
59c80d96-1733-4ce6-a489-dcb45395cefd,"Pada saat akan mendownload sertifikat vaksin covid, malah tidak bisa terus dan error terus Soalnya segera butuh ini, tolong segera perbaiki",2,2026-03-12 14:43:12
4d4ef77c-a1e8-46e2-ad7d-40fddd74e0f6,pelaksanakan cek kesehatan berlangsung baik,5,2026-03-12 13:29:41
5bcb30b0-cc35-419a-93b5-82b2b52ed3b1,sekarang dah jadi ocleh malah susah log in aja gak bisa terus,1,2026-03-12 12:10:03
68b83ea6-e17c-40f8-9c79-275ec1fd8a9c,baik,5,2026-03-12 08:21:41
75de2df6-fd53-4f04-b641-bedd16bbc2f8,"maaf, msh bingung dgn data2 yg hrs di isi waktu mau mengambil nomer antrian berobat di rumah sakit/puskesmas",5,2026-03-12 07:53:09
a5ae0da6-a61c-4b20-ab1e-c1a87e3eab96,"saat aku lupa pin utk pengiriman code bisa tapi opsi utk inputnya tidak ada , aneh ya",4,2026-03-11 19:19:26
40bacefc-5c06-4646-96f5-021e58103c78,"please lah gak ada perubahan. ini mau log in gabisa terus. tulisan pin salah yang udh jelas2 bener. udh coba lupa pin dan buat ulang terus giliran mau log in, tulisannya sama pin salah. emg sepikun itu baru 1 menit buat pin langsung lupa? yang buat sistem kerja yang bener dong ahh udah seminggu gini terus",1,2026-03-11 16:17:33
abc78fa2-4bf1-445c-9033-fb27b039443b,adanya cuma mempersulit,1,2026-03-11 12:20:12
9f7b3e42-d958-4668-820f-2369336d3ffd,praktis dan membantu sekali,5,2026-03-11 10:46:52
4e5ea450-8827-409c-8c44-afb4dfaa6d39,aplikasi ga berguna dan tidak bisa daftar SMA sekali,1,2026-03-11 03:47:02
adf14a1b-af34-4145-9b07-9e23ca48493e,masuk ke identitas kependudukan digital gak bisa2,2,2026-03-10 22:59:54
c917a341-de1e-4371-9442-2594282d3341,pelayanan kesehatan di puskesmas cilincing sangat memuaskan,5,2026-03-10 14:44:04
a8e6ca1b-36da-4425-8793-dee39fca06c0,mantap,5,2026-03-10 09:43:05
710f46ba-ea22-40d9-be40-6887a29de3ea,Baik,5,2026-03-10 07:58:31
8cbb52bf-5e5c-4063-9ea9-91fc30be9ee5,"Min saya lupa email+no hp udh ga berlaku, saya butuhh surat vaksin untuk keperluan kerja, tolong dipermudah bantuan nya, bagaimana ya, saya Uda ngemail, tp balasan nya nunggu trs tolong dipermudah dong aplikasi nya aduhhh",2,2026-03-09 23:03:27
38486182-aa6b-4a0b-a90d-81b3b2953361,Sungguh lelet ini aplikasi tidak dapat digunakan,1,2026-03-09 22:12:27
a4b52b78-9e48-47fe-9271-a225f2a0378a,good Aplikasi,5,2026-03-09 19:25:41
ff58646a-e9db-48ac-9fb6-0251ee7f3ef3,udah bisa login..,5,2026-03-09 16:36:29
faa2e7f8-a749-4554-90e2-7cce751cd9c6,baik,4,2026-03-09 15:33:59
8432278b-3610-4834-915b-e518d509d1d2,ok baguz,5,2026-03-09 13:03:12
e090359b-f6b3-4426-92f1-59481714b373,Membantu kami lansia sbgai reminder.,5,2026-03-09 11:32:55
7649ad1a-bc28-44fa-9dfb-267ee2d1ea2a,saya sangat terbantu dengan adanya aplikasi satu sehat ... trus buat inovasi untuk indonesia sehat,5,2026-03-09 10:26:07
c4919ee7-45c9-4588-bf30-9afee152a51f,"aplikasi aneh, udah daftar udah login masukin pin sandi udah bener kok dibilang ""TIDAK VALID"" sampe terblokir gara gara ""TIDAK VALID""",1,2026-03-09 09:26:37
66c5845c-f961-4833-881f-1649fd753093,"udah masukin pin malah keluar sendiri, kan menyebalkan",1,2026-03-08 10:10:49
45ff0fbd-254b-4d6d-932e-e75924e043d5,"Sudah masukkan kode verifikasi dengan benar, untuk ubah nomor handphone, tetapi terus-menerus dianggap salah.",1,2026-03-08 04:42:48
1732f33e-2ee6-4bbd-a4dc-5218fdf8e3df,g bsa login sm sekali pncet lupa akun msukin nik jg g bsa katane nama td sesuai nik lahhhh dr dlu nama di ktp sya bgtuuuuu smpe dr akte lahir ktp ma surat2 lain y ituuu aneh bgt aplikasinya,1,2026-03-08 04:07:53
76a79c9e-e4c3-4dff-9d97-537cf3d8ddf6,"ga bisa buat login sama sekali ini gmna,butuh bgt ini buat kerjaaa!!",1,2026-03-08 01:58:50
8752184a-0f32-4bc3-8431-63dcadf7fd01,"Tolong kalau hire Team Tech yang bener, yg kompeten di bidangnya. Saya gabisa login, jelas-jelas udah masukin OTP dengan sesuai, udah dicoba berkali-kali keterangannya selalu permintaan anda tidak valid.",1,2026-03-07 12:58:17
bced32a0-59ae-4007-a1c0-caef4cf9e854,buat sy cukup baik,4,2026-03-07 11:08:40
4923ae05-9d8f-44d6-9c6a-e0bdda7c4e73,pelayanan baik dan sopan,5,2026-03-07 09:57:23
3214a8d1-bf53-4aae-b15d-e8fc23a4465a,barusan update koq malah ngga bisa login terus,1,2026-03-06 19:21:44
2f72787b-cbce-4461-adce-216c560f7c83,"Alhamdulillah pelayanan kesehatan gratis ini sangat membantu sy selaku warga dalam hal kesehatan secara gratis, pelayanannya juga baik dan ramah....semoga saja program kesehatan ini berjalan lancar dan menambah jumlah pelayanan pasiennya...",5,2026-03-06 08:52:34
39f73490-c6c2-4f3c-82f1-0dcede98bdb5,"bagus aplikasinya, hanya kadang kendala jaringan, hingga lambat muncul tampilan di layar",5,2026-03-06 00:27:58
277e21fd-5e88-4cd6-8375-f6b7155ad5c7,kenapa setiap saya login gak bisa masuk loading screen langsung otomatis keluar aplikasi,1,2026-03-05 23:39:07
5dc33b92-30a9-4521-80b5-6bf64bb4cc70,senang dengan informasi nya,5,2026-03-05 17:36:07
f8883d9a-1d4f-4ebe-9ed0-050e3b65b407,good,5,2026-03-05 15:31:09
b9814594-045a-4374-b290-5103078ba2b5,ok,5,2026-03-05 13:54:16
de746a17-7941-4247-b8b7-c766a5a3aed0,cukup membantu memberikan info2 tentang fasilitas serta content2 seputar kesehatan,5,2026-03-05 11:43:41
85a3bc72-2afc-4f26-8319-fddfd5ba609a,sangat membantu untuk saya dan kesehatan saya..,5,2026-03-05 11:15:04
abe7b0eb-6057-4e62-9b07-e8c3008bb65c,Sangat Membantu khususnya kami yang berpenghasilan kecil. Terima Kasih,5,2026-03-05 11:07:41
f74dba9d-5eec-466f-9ddd-74f30dde7f76,sip muantap semoga selalu sehat salam sehat dan semangat,5,2026-03-05 10:47:45
58fe85bc-0e14-4913-b1b8-af6c49f37e0a,"Mantap, Pelayanan kesehatan Gratis",5,2026-03-05 10:44:11
cfc4dea4-ddb6-4f3e-890d-b7670e9e3bfd,keren,5,2026-03-05 07:36:17
4f742390-0c79-4117-9e66-f87a36975691,untuk sertifikat di lhat dari mana..,5,2026-03-04 23:09:23
840f7ed6-fb97-46f9-9720-8ec46e609122,tolong ditambah fasilitas kesehatan Gratis untuk bumil dan bayi nya.,5,2026-03-04 15:46:09
6767215f-5055-4fbc-823e-3862b198ed5e,Lancar² Saja.. Terimakasih,5,2026-03-03 20:20:26
b6febbb3-2854-48d1-8531-83f3a64206a4,ini gimana login berkali² gagal terus. sudah ganti PIN pun ga bisa juga. knp smp hr ini blm bs login juga pdhl sdh kirim pengaduan?,1,2026-03-03 14:10:28
54334aba-2c44-4b9e-88a3-2b89172edd31,oke,5,2026-03-03 10:09:02
151e132c-6333-4582-a065-bac93f4a0809,gak berguna.. lebih berguna tim kesehatan langsung terjun ke lokasi atau pemukiman warga,1,2026-03-03 09:56:00
cc83389f-db9e-472e-9387-b28c67e439ef,klau memang belum siap tidk usah di paksakan.. habisin angaran untuk hal hal yg rumit dan mempersulit .. saya dapat notif untu masuk web tp minta nomor tiket.. yg di madsut nomor tiket itu apa? nomor Rm? nmor kunjungan? atau nomor antrian? paaayaaahhh,1,2026-03-03 08:52:20
9e78f879-55db-4720-a77d-f88044244c30,sangat membantu,5,2026-03-03 04:44:44
bdb559be-cf88-4f37-8489-75735c388285,puskesmas ponorogo selatan sangat baik pelayanan CKGnya,5,2026-03-02 11:58:01
616e2ee7-a66e-4207-9cf7-3e0ea88373e7,good,5,2026-03-02 11:57:21
53bfb4f3-d8ae-4b4c-b558-c86506d531f0,busuk,1,2026-03-01 16:42:14
0d0a3601-7e76-4f14-9db1-14e0da3743bc,ok,5,2026-03-01 14:38:44
e7ac1c79-1fd6-4b10-82b9-c71482fdb038,gabisa login atau daftar,1,2026-02-28 23:32:44
0d470a90-4076-48ff-aa4e-8a34960add48,bagus,3,2026-02-28 20:22:34
b9382d1e-d0fc-4838-b389-980c32d38bd4,bagus,5,2026-02-28 20:05:29
e9999008-d8a2-4f29-9803-60f3bb6b762a,"ini kok ngga bisa login ya, eror apa gmna apk nya",1,2026-02-28 15:14:46
aa6392d3-4986-4ecd-b5d7-81a80b44e0fd,"Tolong perbaiki di bagian vaksinasi covid non-indonesia. Saya mau daftar sertifikat gak bisa ini gimana, muter-muter terus.",1,2026-02-28 11:56:31
6b0be20e-75fe-4d71-acc8-64f275425783,baik,4,2026-02-28 11:45:56
d3a15a08-3180-48c6-b9b4-b6af699c4ae5,ini aplikasi dibuat utk buat kesal orang kyknya... login same tahun jebot gag bisa masuk2... tolong la... ini di ulasan hampir semuanya menyampaikan hal yg sama.. tolong la dibenerin,1,2026-02-28 11:23:48
ef94ae95-4f9e-4bba-ac19-91b2bf779809,gaguna,1,2026-02-28 10:33:49
c4f6556e-6441-4bfa-9e8e-846ec5c82704,udh downlod aplikasi tapi kaga masuk aplikasi mohon bantuannya,5,2026-02-28 07:19:43
13fa6d64-8a8f-4687-be8e-308de7df8df5,bagus adanya program ini,5,2026-02-28 06:34:26
6d015d65-4d36-4e14-af3a-14b4df97a710,Alhamdulillah jd bisa terpantau,5,2026-02-28 00:40:54
01770651-83cf-4fca-ac79-79d2fef193b8,"sudah bbrapa th terakhir saya setiap bulan kontrol cek lab utk pemeriksaan gula darah tensi dan kolesterol, selama ini pelayanan keseluruhan luar biasa, dari depan, sekuriti, petugas pendaftaran, dan semuanya ramah baik, melayani sepenuh hati, pelayanan di puskesmas Kebayoran Baru sangat memuaskan... terima kasih Bapak Ibu dokter dan semuanya",5,2026-02-27 23:25:33
da1a8596-1fba-4a38-916a-a586a1e12b64,"kenapa tidak bisa download sertifikat vaksinnya min, ini aneh banget dah",2,2026-02-27 20:39:54
b2b2cf28-0d81-404c-8e09-7e4ee5509109,"aplikasi ga ada gunanya,masuk aj susah",1,2026-02-27 16:14:50
3f0bd5d9-1bf5-422a-bbf6-09bf59d1c0a8,aplikasinya bagus,1,2026-02-27 13:49:59
b5c6211a-f877-4997-af97-e647b5ff8a54,oke,5,2026-02-27 13:46:41
0177fbac-a76d-4387-8ac8-324b34e03142,tidak bisa login kode verifikasi sudah sesuai yg di kirim ke email tapi tetap tidak bisa masuk 👎,1,2026-02-27 13:03:33
603fa3da-345c-49b3-b46e-f502b2ec09fe,sangat memuaskan... melebihi ekspectasi. mohon program ini dipertahankan. Tks,5,2026-02-27 07:53:57
c938975d-2d8f-4ab7-96b6-5541bdc2efa8,"gajelas eror,gbisa masuk ataupun daftar busuk",1,2026-02-27 04:50:03
6790c2d4-9830-4a71-9308-86589abca873,"Gak bisa login jnvalid terus, pakai hp istri bisa login aplikasi gak support untuk semua hp",1,2026-02-26 20:53:53
3588bac9-10f7-48e1-9f27-81955ac2bd57,"login ny bermasalah bgt, mau cek kesehatan aj lemot bgt wkwk",1,2026-02-26 20:01:20
8a258287-7550-4a6d-9619-72a3e36e874c,"sudah bisa login, terima kasih ya.",5,2026-02-26 08:52:19
4685f776-d5d2-4a7e-ab73-9286f719884d,"setelah di perbarui kenapa aplikasi.nya susah sekali untuk log in .tolong di perbaiki lagi apk.nya ,susah sekali di akses!",1,2026-02-26 04:16:56
81aaaa09-0e99-4f36-98cc-3aa1843f1e62,baik,5,2026-02-25 23:12:48
d4ce9551-ef78-4016-9357-91896bce3217,sangat membantu,4,2026-02-25 21:47:42
2cd24b49-f86c-4f05-b5f3-374d68e9b5e2,puas,5,2026-02-25 12:07:58
30c5a41b-cbc3-4c6e-8e84-c30273dc7628,ok bgt,5,2026-02-25 09:11:05
2688546e-c576-4317-9442-afae98d5c988,"020523 tiap mau masuk sering minta login lagi lewat no hp 250226 login gk bisa pakai no hp, minta daftar dari email",1,2026-02-25 05:47:44
091e6ca0-9f3f-44fb-b870-12ac594932ca,sangat bagus membantu dalam cek kesehatan,5,2026-02-24 17:33:41
25620b21-68b0-493b-88d4-6059435b794e,"aneh, sudah masukan nomer telfon lama, trus giliran masukan nomer telfon baru gagal karna gangguan notifikasi whatsapp. korelasi antara notif wa sama aplikasi ini apa",1,2026-02-24 15:57:21
27d8a677-9138-4098-a623-7366fb18ca4c,terimakasih,5,2026-02-24 15:44:11
befbf00f-af4e-4e6b-85cf-1e7e8093e16c,susah login udah lupa pin tapi salah mulu aplikasi kocak disuruh konek identitas kependudukan digital malah lemot ah,1,2026-02-24 14:58:39
f27465fc-562d-45ba-b48e-c92e1e36eac9,"aplikasi yang bikin kehabisan kata-kata. perkara mau login doang susahnya minta ampun. awal lupa pin, verif lewat wa gabisa akhirnya pake email. udah verif pake email, dah ganti pin mau login selalu dapet kata-kata mutiara ""sepertinya permintaan anda tidak valid"" terus terusan kek gitu. pemerintah tuh mau sampe kapan sih nyusahin rakyatnya, ga habis pikir sumpah duit pajak dipake buat bikin aplikasi dengan kualitas yg ga layak kayak gini.",1,2026-02-24 14:04:31
9a1425a2-c297-4a23-8993-5802fc8adab1,untuk pilihan provinsi Yogyakarta tidak muncul.? tidak bisa penyelesaian profile,2,2026-02-24 13:14:15
0c0a9a47-387d-4f4d-8fa0-20448064022d,keren,5,2026-02-24 12:42:36
6a4debb7-8837-4240-a287-7cce2178a4f1,hebat,4,2026-02-24 11:30:38
284a0e6f-b8e0-4afd-bf59-34e1212155b6,good,4,2026-02-24 11:13:31
d3ff5f46-8aa7-40f7-960f-0b13d3cf559b,tingkatkan lagi,5,2026-02-24 11:11:55
02f5f203-b12e-4320-b89a-e2f4921c7524,sangat bermanfaat dan sangat bagus buat informasi tentang kesehatan👍👍👍,5,2026-02-24 09:19:27
b9709d1e-d814-4ad3-bd34-84c1d00ab9c7,Pelayan baik,4,2026-02-23 18:02:11
46c29f35-091d-459b-8597-2bc1a8b98254,sertifikat vaksin tidak bisa diunduh semua :(,2,2026-02-23 14:22:23
ebdf1d96-4d8a-49aa-a89c-bf1b54220f8b,"login pake nomor hape ga bisa, katanya pemeliharaan sistem tapi lama banget ga segera diatasi padahal mau butuh sertifikat vaksin",1,2026-02-23 14:19:54
b22f19f8-0b11-4ec0-a5d0-fb65270a25d7,"Udah cek ini gaada 30 menit jadi cek out sendiri, gps juga nggak update, tolong diperbaiki, update pertanggal 23-02-2026 tidak bisa login sudah ganti pin 2x melalui verifikasi email masih tidak bisa login, aneh",1,2026-02-23 14:18:07
b29a1b2b-15f2-45c1-a273-95957e73274b,suka karena mengetahui kondisi tubuh...,4,2026-02-23 13:44:24
3b78cc5f-66a9-43dd-b817-510984cdb506,"aneh banget gua mau login malah terhalang pin, mau direset pin malah ga bisa",1,2026-02-23 13:36:49
e933c04f-6f94-4915-8a2b-97a6953cc9a6,bagus dan lebih modern,5,2026-02-23 12:35:08
8622712a-36c4-4288-b288-b03fb28ac641,Lebih ditingkatkan lagi. Cek sertifikat sering g keluar,2,2026-02-23 10:29:02
8776a216-e58f-42de-aea9-9e5daf3e2b0f,"apakah ini aplikasi yg sama dengan peduli lindungi,,,saya mw cek vaksin saya waktu itu",2,2026-02-23 08:38:51
f9a46a25-8ae6-4956-b459-960158e409ff,pilihan sehat ya satu sehat,5,2026-02-23 08:03:34
82b72b51-4ae8-44de-a933-9f09c8967e59,good,5,2026-02-23 03:01:25
e3ee24b0-e6a8-479c-b8a5-028b97ae7566,Buruk.. tidak bisa login.. Aplikasi sudah tidak berfungsi,1,2026-02-22 19:54:55
fbe882cc-4523-4119-8bc6-9c5e92d1afea,"kaga bisa login, menyusahkan saja",1,2026-02-22 19:06:19
2c6d747d-4ed2-42a6-9d69-f06867796b98,sehat itu mahal,3,2026-02-22 09:47:07
8ceaab59-360d-4de9-9f7e-60f55f829a7f,sangat membantu saya,5,2026-02-21 08:23:42
657eb17e-f794-4888-a9c2-55666ec104e4,dg ada apk ini sgt terbantu n apk ini mudah dipelajari jg kita tau ttg kesehatan diri kita...jaga kesehatan lebih penting dr segalanya,5,2026-02-21 05:27:49
0ef3b3d1-93cf-42bc-9974-5f36fc5ab7c7,layanan pemeriksaan bagus,5,2026-02-20 22:12:30
6850a031-8089-4fdd-8833-ddd143746d96,luar biasa,5,2026-02-20 14:32:58
c903b01c-2f73-467c-94fc-89fe08bb6de6,aplikasi apa ini.....lebih parah dari palling buruk nilainya soalnya tetap gak bisa masuk padahal sdh bilang terdaftar tp tetap gak bisa masuk...,1,2026-02-20 14:10:27
862ca53d-01e1-4fc4-85ee-e786a23742a2,semoga bermanfaat,5,2026-02-20 10:31:34
b12490c3-a079-47fb-a5d5-d8be6a69f0af,"APLIKASI PEMERINTAH TAPI BOBROKNYA MINTA AMPUN, SAYA MAUMEMBETULKAN PIN KARENA SAYA LUPA NAMUN PROSES VERIFIKASI RIBET KATANYA GABISA MELALUI WHATSAPP. TOLONG YA INI APLIKASI PEMERINTAH KENAPA BISA SE BOBROK INIII!!!!!!",1,2026-02-19 21:35:51
a34abf82-46ce-4ad2-aa38-20cb78c0744b,baik,5,2026-02-19 10:14:33
724d5ac0-0a7e-4d2d-aabe-ca4f2bab787a,slm sehat dan semoga Aplikasi satu sehat tetap jaya memberikan pelayanan kepada masyarakat melalui aplikasi ini dan semoga kedepannya lebih maju dan lancar ..Aamiin,5,2026-02-19 08:54:55
da9374f1-bab8-4823-b008-5a88391f5ad7,"Lupa PIN dan verif ulang, malah tidak bisa kirim OTP. menghubungi bantuan juga ribet harus ada video atau foto kendalanya.",1,2026-02-19 08:34:02
a552215a-4fa4-4cb9-a0e8-91666bc5db8f,Mudah di akses serta dapat daftar cek kesehatan secara gratis,5,2026-02-18 21:14:30
04220096-2780-4ba9-9354-5c1aefe968b7,aplikasi yang baik utk digunakan mengontrol kesehatan. dan gratis pemeriksaannya,5,2026-02-18 17:06:49
41d05859-296e-46b2-b37a-0ab2877792c4,"aplikasi gak guna, mau buat masukin data vaksin dari luar indonesia tidak bisa,,, Aplikasi Payah",1,2026-02-18 12:16:44
8194647e-404b-4c44-a5dd-47882f010dc3,makin lama bukannya makin bagus malah makin jelek,1,2026-02-18 10:54:46
0b348465-301f-4589-a884-daa064e11e51,memuaskan,5,2026-02-18 10:52:31
39de1e5a-6f0e-43a0-9192-4626b79c61c4,very good,5,2026-02-18 10:33:59
512ae082-3605-4d9b-9dfe-a0f5b66ffb81,"Ini kenapa ya pin selalu ga valid, padahal udah ganti pin di saat itu juga tetap aja ga valid?",1,2026-02-18 10:30:04
b8f24096-3be3-42cb-bc9f-a81e29a2b18f,"sangat membantu , tp klu bisa pertanyaan skrining mandiri lebih di fokus , saja trimakasih 🙏atau bisa kasih reward tiap 6 bulan sekali , biar lebih. semangat , trimakasih",5,2026-02-17 21:42:31
3e765c9f-e9c4-4e27-a2e5-5161184dc458,harusnya kalo sudah rating 3.3 developer koreksi diri,1,2026-02-17 20:32:23
96a6e24f-5e42-40a6-8fd2-539015956f88,bagus sekali,5,2026-02-17 16:36:43
ba847118-0d73-4a28-be74-7b4156af561d,tolong dong ini permudah untuk login nya. dulu sya daftar pake hp yg udh rusak dan ga inget pin nya. ini mau login pake nomor yg sama jg ttp ga bisa. pilih daftar munculnya akun udh terdaftar tp ttp ga bisa masuk. butuh bukti sertif vaksin untuk lamar kerja.,1,2026-02-17 13:21:24
0ebe3036-05f1-4ca0-ad4c-747f63c862d2,"kacauu, setelah di update malah ga bisa login lagi. udah coba ganti pin dan masukkin pin baru sesuai dengan yang di buat tetep ga bisa login. keterangan pin salah terus. aplikasi satusehat udah banyak trouble sebelum nya sekarang makin jadi sampah gini sihh.",1,2026-02-17 11:05:05
6d76c521-4705-472c-a278-546eff19769b,memuaskan terima kasih,4,2026-02-17 07:12:34
3f22a77a-a94c-44ad-b468-1d0eb9165ee8,pelayanan ramah dan bagus,5,2026-02-17 07:12:04
26366837-a015-4e56-9e80-95077733438c,"Saya rubah jadi bintang 1 karena ada 2 hal vital yang belum berfungsi dengan baik, yaitu integrasi dengan aplikasi Dukcapil IKD dan server rasa UMKM, lemot parah. Padahal dana nya gede tapi gak bisa pakai server skala global??? Kalau sudah dibenahi dan sudah bisa, nanti bisa saya revisi bintang nya",1,2026-02-16 22:43:13
38ff5415-0501-43f9-a557-7abed90821c9,"saya ingin melaporkan bahwa sertifikat vaksin saya tidak terdaftar di apk satu sehat, tapi untuk melapor saja tidak bisa, aneh",1,2026-02-16 13:16:26
e270bd46-29f5-4e11-961c-995e88b2cece,baik,4,2026-02-16 08:53:37
3304afbc-31b5-4a8e-8185-39a1346f9d5e,"Gimana ini cara masuknya, lewat email gabsa, ini gabisa, itu gabisa, ga berguna bgt aplikasinya",1,2026-02-16 07:56:43
54fb8dfe-fc1b-4c1e-bdd7-d5d833af8166,saya dari tadi otak atik verifikasi malah nge bug melulu. Tolong ya diperbaiki. jujur saya kecewa dengan apk ini padahal saya sudah berharap penuh.,1,2026-02-15 23:15:57
7aa6e012-bf14-459f-befd-69e8fd681d62,semoga membantu program kami merlukan kesehatan medis,4,2026-02-15 19:59:02
71028a61-3a43-4bd0-ab0e-455be080a2fb,ini gw kpan daftar nya ya kok tau tau udah terdaftar aja,1,2026-02-15 18:05:49
58c2c349-82ff-4607-bdc7-372df77ceb9e,"ini gimana sih aplikasi.. sediain login via IKD tapi gak bisa error, sediain login via email tapi pas masukin PIN malah gak bisa login akhirnya ""LUPA PIN"" buat PIN baru ehh pas dah buat PIN baru tetap gak bisa login.. gimana sih nih aplikasi.. Niat gak sih bikin aplikasi bukan buat permudah malah bikin ribet",1,2026-02-14 10:07:37
20967df2-13f6-4c7b-8ccf-f69e5858d49c,pelayanan & pemeriksaannya memuaskan,5,2026-02-14 09:48:25
cfaa1a96-7246-43d2-943e-d9beb7171b6c,Aplikasi busuk,1,2026-02-14 06:16:31
a20d66b9-dbea-4d00-a262-00c2ae8bb54d,an.sondang Oktavia sdh mcu terimakasih,5,2026-02-13 15:02:14
76c3c714-4da1-4434-a05c-2e5c64069314,"Ribet,mau verifikasi aja harus ke puskesmas.",1,2026-02-13 11:45:09
a54c0b8e-ade6-461c-a154-94541d3a4a5c,sy dibantu pihak puskesmas untuk mengaktipkan,5,2026-02-13 08:24:05
9d91e0da-98f3-4452-a628-861fa9dd79b8,ok aja,5,2026-02-12 23:12:56
d4eeadb4-6785-4971-b3be-5e04d253dde2,manfaate opo bro?,5,2026-02-12 19:51:41
73b259bf-3eff-4285-ad95-e17e04971c0b,"aplikasi gak jelas, banyak errornya data2 banyak hilang setelah di perbarui aplikasinya",1,2026-02-12 18:51:11
e2410dc2-a98a-42e8-8d32-7d9f664f10e9,"gk bisa masuk terus berkali"" masukin kode otp",1,2026-02-12 17:50:02
bac23f0b-b288-4a6f-b345-761ae65dff18,"tolong lah masa kalo lupa akun cuma bisa verifikasi nomor, lewat email juga ga bisa. harusnya bisa mastiin lewat verifikasi KTP atau wajah. kecewa gw. aplikasi pemerintah tapi isinya busuk.",2,2026-02-12 16:13:47
3ea57b65-9c0d-45d8-9154-c27590be5ab2,"pemerintah kalo bikin aplikasi emg gk guna semua,,,asli bikin emosi jiwa..login aja dipersulit masa buka bbrp detik ke gmail aja kode otp gk bisa aneh lu...gk niat bkin aplikasi gk bkin aja..ribet bnget mw login jg 😏 dlu aplikasi punya pemerintah yg lain jg dipersulit ni lgi jg...",1,2026-02-12 15:27:54
bc59b93a-75f0-482d-ad57-1719557cbbc0,menyenangkan,5,2026-02-12 14:49:44
1b31f11d-30e8-4a57-bc36-4797f8c0f6f7,sangat membantu dalam men introspeksi diri khusus kesehatan,5,2026-02-12 11:39:53
833bbcb1-bb74-4b02-9a14-5fd2f2f37fa2,Selalu monitor keandalan dan kemudahan fungsi bagi pengguna aplikasinya shg tetap aman lancar scr kegunaan. Tks,5,2026-02-12 11:38:22
fca2202e-0936-45cf-af64-06012cb6950d,sangat membantu.. terimakasih,5,2026-02-12 08:23:45
a0642bc6-500f-4de4-bd53-1c3e4069687e,pelayanan kesehatan itu mudah,5,2026-02-12 07:29:33
fe2d165e-1d42-41f0-800b-94d34dd159ef,kalau aplikasi masih uji coba mohon jangan dipublikasikan dulu,1,2026-02-12 06:28:02
5553c8d3-d655-4e56-917d-0f994708f026,Mantap,5,2026-02-12 04:24:29
029fd22e-82cb-41aa-9292-33997258de2f,ok,5,2026-02-11 19:51:21
50893f47-8987-4860-8dd9-e4fd65bbed03,dengan aplikasi ini kita bisa dengan mudah melihat riwayat penyakit yg kita alami,5,2026-02-11 19:12:44
6f1ef11f-8d97-4f59-949e-010140681dc6,bagus,5,2026-02-11 15:43:08
5fbc631c-662f-4e2b-a1d4-91ef3e4dfcb2,pelayanan baik dan lancar,5,2026-02-11 13:10:46
72ec70db-d35b-43f0-828f-5c3ab37c12f4,sangat Baik,5,2026-02-11 12:01:38
b57ce990-2231-4c61-bd9c-229cae59c078,nice,4,2026-02-11 11:30:05
f7d383e6-8a4e-477d-8d8a-41eea5a621f3,sangat bermanfaat,5,2026-02-11 10:49:10
5a4dd582-774d-4db6-aecf-0123ad8d4fba,sangat bermanfaat dan menyenangkan,4,2026-02-11 08:36:04
a34c2052-9f81-46e8-b466-d10776ee7f81,tidak bisa diakses memepersulit masyarakat sudah hubungi helpdesk gk ada solusi sama sekali,1,2026-02-11 05:44:15
953154d8-9c48-4a45-a16b-214c09393009,Kenapa saya tidak bisa login??,3,2026-02-11 05:43:59
c8b2f1aa-fa65-4e07-b19f-586a1cabbd42,ok,3,2026-02-10 19:38:39
c3630bda-0667-4ee1-8a6a-87b1183359f7,"aplikasi yang sangat buruk sekali, sungguh mengecewakan!!!",1,2026-02-10 19:06:34
4b784a3c-2ea4-4d68-83a6-90003ee979fb,"ini maksudnya gmn si kok jadi ga bisa masuk ya,, no.telpon/ email ga bisa.. hadeehh.. tolong di perbaiki",2,2026-02-10 17:45:22
8c227816-aca3-4e1e-9b5c-b2be62d81c80,apk sulit di akses . kode otp ngak bisa,1,2026-02-10 16:11:06
8201476b-e8e2-429a-bf10-a52c859db749,Fitur login untuk apa disediakan kalau user gak bisa masuk ke akunya?,1,2026-02-10 16:04:02
c0809e08-1e5e-4b6e-97dc-5923f1d53f9c,"ribet amat harus pakai nohp lama segala, lantas kalau nohp lama sudah rusak atau hp tersebut hilang beserta dengan kartu hp nya, trus bagaimana dengan orang yang sudah terdaftar tapi tidak bisa kembali ke akun lama sesuai KTP, jangan dipersulit donk, aplikasi juga punya lu",1,2026-02-10 12:58:20
228311ad-b20f-4b11-983d-927949c16646,aplikasi apa ini menyusahkan orang kita login tidak bisa malah disuruh daftar kita daftar malah tidak bisa aplikasi tidak recommended menyusahkan,1,2026-02-10 08:46:52
2bae9477-7458-46cf-bd15-548e017003fc,bagus buat mengontrol kesehatan secara mandiri,5,2026-02-10 08:36:50
9665c763-1fca-48fb-bae0-b9e1ed5b51a5,tak bisa di download,1,2026-02-09 15:46:51
c657e8fb-db04-4cb7-be46-3f98ad373595,"aplikasi taik,, ngabisin kuota aja nyuruh upgread... login tetap gak bisa",1,2026-02-09 14:36:47
7e8081a6-9273-4d2f-bb90-b938278016a9,"udah nyobain CKG di puskesmas cikupa, mantap..",5,2026-02-09 14:16:30
1d8285dd-ffbe-4af1-9114-d364eab59ef0,"gak bisa login padahal udah di clear cache,hapus data sama uninstall dan install lagi tetep aja gak bisa login",1,2026-02-09 13:59:26
fd874a17-624e-4c26-a482-248e8f6f9f43,"aku kira pemeriksaan gratis untuk yg ultah tuh bakal ada pemeriksaan kolesterol, asam urat, dan gula darah dll gitu, ternyata cuman periksa gula darah saja. abis itu selesai",3,2026-02-09 13:30:55
08215d7a-308a-4df7-bf2e-343c4b5b0630,"maaf saya mau login untuk cek vaksin ke 2, sulit",1,2026-02-09 12:05:51
1fea6966-9688-4223-b672-79a4ba2670d7,bagus sekali pelayanan baik dan petugas ramah,4,2026-02-09 11:16:43
2cf1c1dd-19db-47ed-b0fa-9c930d1ee1be,sudah daftar Satu sehat email dan sandi sudah benar tapi tetap gagal masuk mohon bantuannya🙏 untuk mengatasi masalah tersebut,2,2026-02-09 10:36:33
7301d237-27c3-4b78-bd14-cb45cae9fa55,aplikasi nya bagus banget,5,2026-02-09 08:36:05
d777b864-a84c-4555-85cb-eafdb3ef58f9,"aplikasi apaan si login aja gbisa, klo gbisa bkin aplikasi gausah bkin, kenapa maksa bgt klo skill gaada...",2,2026-02-09 08:29:06
2a2377a3-f9cd-4c49-816c-4c17d9bd07fa,hebat,5,2026-02-09 08:24:54
52b04f28-0692-419a-9462-ba9093e701c2,huh ga berguna kaga bisa masuk terus gagal terus udah berbagi cara juga ...,1,2026-02-09 06:17:37
d94decde-3c61-454a-8800-a6106dbfcfa2,"masuk lewat ikd gabisa, masuk lewat nomor telpon wa nya juga gabisa ,pencet lupa email ujung ujungnya masukin nomor tapi kgk bisa sama kek sebelumnya masuk lewat nomor ,terus buat apa aplikasi ni terus jalan? kalo dimatiin fungsinya dan kgk pernah di update atau di fix masalahnya apus aja sekalian ,kalian tua bangka bukanya memperbaiki malah didiemin doang,cuman balas komen orang orang dengan kata maaf , kami butuh aksi untuk memperbaiki bukan kata maaf aplikasi gaguna",1,2026-02-09 03:49:35
f0bfcda7-b8b0-471c-8d06-2e087e592e57,Di upgrad malah gx bisa login knpa ini astaga gx jelas bngt,2,2026-02-08 14:09:49
f51d0627-469b-4bef-8868-63ec8b499100,sangat membatu dlm pengecekan riwayat kesehatan,5,2026-02-08 13:19:22
cb631680-5239-4648-92c7-de2ec254a22a,ga jlas nih pembaharuannya login pakai no hp ga bisa ngirim otp,1,2026-02-08 12:24:39
0bc01b17-2c27-4906-885f-832bf1d6b22e,terimakasih atas kerjasamanya,5,2026-02-07 21:51:13
95dbb5a3-7bc7-4933-83c9-3f9ea417b1c7,mau login/daftar aja error terus,1,2026-02-07 21:18:25
dc258dfb-94d2-4e68-952c-96773c08c31c,sangat membantu mengetahui kesehatan saya,5,2026-02-07 20:15:16
8e59f224-858a-401e-97f8-ea3f633fb299,"tolong lah mau login ga bisa bjsa, email ga di temukan nomor hape juga, pas daftar malah di bilang udah terdaftar, bobrok kali sumpah, udah menghubungi semuanya yg di suruh masih ga dapat solusinya, tolong lah butuh kali buat berkas masuk kerja ini!!!",1,2026-02-07 13:27:25
babd9675-1611-4005-ac4b-026e3ce4ff56,SempurNaa😅,5,2026-02-07 13:26:02
d71ba608-d2f4-4e9a-b75c-64084a780ea5,sangat membantu dalam menjaga kesehatan,5,2026-02-07 13:07:59
f4f86bbe-27dd-4b53-8ac7-2975b5a6063d,"ini kenapa g bisa login dah, masukin pin udh bener tetep tidak valid, Ampe ganti pin baru tetep g valid. payah",1,2026-02-06 21:35:16
28b9367e-02b4-4623-9fe1-5974b095ba3d,ini apk punya pemerintah tapi bapuk banget habisin uang APBN aja lemot banget pada niat kerja gak sih,1,2026-02-06 20:12:32
5eca5b46-0878-42af-9f54-40947ecc8365,"ini kenapa sih gak bisa login, bilang nya salah nama padahal udah bener!!",1,2026-02-06 15:52:52
a6a662ed-25d1-4950-9a03-dec72cacb0d8,"Apk gak jelas, tolong dibenarkan masalah login. Input pin salah terus padahal sudah ganti ulang tetap saja tidak bisa login. aneh",1,2026-02-06 13:28:06
e47f41cd-ecb8-4beb-90ab-0267d9361803,"ganti saja aplikasi atau perbaikin aplikasi saat ini, sungguh sangat tidak membantu. setiap log in masuk kan pasword selalu salah. sampai pakai lupa pin. tetap saja ngga bisa masuk ke menu",1,2026-02-05 20:42:30
b98652bf-8994-4a40-96c4-f5b163f76972,"hiii, bulak balik bulak balek seperti ucapan jokowi hanya untuk ganti password tapi gak berhasil jg. akhirnya kena hukuman 8menit.",1,2026-02-05 18:54:48
172287e8-70e2-4e6d-82f0-206caa5db4b0,"akun saya kenapa tidak bisa masuk sama sekali sih, aneh",1,2026-02-05 16:29:23
505b4978-9672-41b2-bfd0-89f2ff04795f,Satu sehat mobile merupakan perangkat aplikasi digital yg lebih praktis dan modern tapi untuk kebanyakan orang seusia sy kalau tdk dibimbing anak yg lebih muda agak ribet menggunakan nya,5,2026-02-05 16:07:24
a3f31756-dc21-4a0c-8a0f-dc3c437305ff,dengan adanya aplikasi ini sangat membantu,5,2026-02-05 10:56:22
f351a30b-c35e-4eea-81e4-3bbf83cac46b,bagus,5,2026-02-05 08:43:01
2fb4368a-c534-4cb0-b938-1997de48eeb7,mantaapp,5,2026-02-04 22:41:35
a91d0fda-8fb7-4f6c-9f68-ab6c048d2584,sangat bermanfaat utk monitoring dan menjaga kesehatan para Lansia.,5,2026-02-04 15:08:33
1ff32771-fa59-4699-b3f8-fccdbccf9d2d,Ok.,4,2026-02-04 14:50:20
878aa2d7-92ab-493f-9f57-f4b8e6821545,kenapa jadi tidak bisa login apakah aplikasi ini masih berfungsi?atau cuma aplikasi abal2 kagak jelas banget👎👎👎,1,2026-02-04 13:07:34
4c8ecbf9-29f3-48e9-bf2e-171bdf6177fb,Penggunaan aplikasi sangat mudah. Link di semua puskesmas.,5,2026-02-04 10:54:13
3cbb9149-dea9-4610-a9ed-ea77df08ceac,"setelah di update kmrn malah tak bisa di buka, selalu rebon",2,2026-02-04 07:13:19
8c6f8130-b602-4b04-836f-6221a0916f92,aplikasi close sendiri sudah uninstal dan pasang lagi tetap aja sama tidak bisa masuk,1,2026-02-04 05:36:05
7e3fc06b-ae8a-40a2-bc72-41ada98d9ce9,gak bisa masuk ke aplikasinya,1,2026-02-03 20:38:27
7f8bc166-19d2-482a-aeb0-9250e7189da0,gak bisa login udah lupa pin bikin pin baru tetep aja gabisa login app kocak,1,2026-02-03 17:11:02
36de6e4d-cfe7-4822-abf6-27539a913f9e,👍,4,2026-02-03 16:56:17
85ccb52a-06ea-4f29-9c5a-1281abd8dd3c,mantap,3,2026-02-03 11:19:22
cfdefbcb-8420-4fc3-aa13-17ffdd079129,top,4,2026-02-03 11:10:28
401444f9-c378-4301-8eaa-97bc3d5d05ea,sangat mendukung tapi kasihan masyarakat yg gaptek (gagap tekhnologi),5,2026-02-03 07:19:12
f014bdf0-6a3f-4bbf-9b68-10c2d08d27f2,terimakasih aplikasi ini cukup membantu dlm masalah kesehatan,5,2026-02-03 05:53:00
7ea8a760-0753-4398-a7cc-913bae1cee95,"gini amat program cek kesehatan geratis, tgl 30/01/26 saya datang ke puskesmas tenjo. cuma diambil darah saja, dan hasil pemeriksaan nya ga ada sampai sekarang tgl 02/02/26.",1,2026-02-02 18:49:11
1459cf52-952f-41ae-95bb-4b83724bd766,"setelah keluar dari aplikasi. lupa pin, verifikasi lewat wa susah",1,2026-02-02 18:05:42
f6873c25-e9fe-45d3-98bd-6e39ed045ec6,mantepppp,5,2026-02-02 13:34:03
3b9c88ac-b164-426e-9de1-7473b28e8402,pin tidak dapat tervalidasi,1,2026-02-02 10:47:11
141462b2-a89a-4dc0-b34c-bc81177e2f73,sehat semua,5,2026-02-02 01:36:34
2900f8d5-92e5-464a-870e-ccba1870c4ef,tampilan oke,3,2026-01-31 15:04:57
4030aaec-cdf4-4a58-8fbb-ac9fd70408a1,"Nggak ngerti sama app ini, masukin email yg masih dipake katanya formatnya salah, masukin nomor telpon katanya nomor telpon sudah dipake.. Maksudnya gimana ya? Saya masuk akun sendiri juga",2,2026-01-31 12:19:29
83e38a8a-503b-47d4-8fcd-8442082b8aaa,Pas daftar suruh pilih puskesmas buat cek kesehatan gratis di weekend kirain bisa. pas dateng ke puskesmasnya malah bisanya weekday. Minimal kasih info yg jelas lah. buang² waktu sama biaya.,1,2026-01-31 11:16:23
101cfdbf-08aa-4301-b1b8-d86ca66c956d,menarik,5,2026-01-31 07:24:16
c14cb8ec-fd98-4c3b-8e11-13e1a2fa0842,yang sudah ada tingkatkan lagi,3,2026-01-31 07:17:32
079c30f7-e25e-46e3-9f1f-f6af091738c7,good,4,2026-01-30 23:37:20
d5b2929e-bee6-4a23-8528-e52beb5bf121,sangat bagus,5,2026-01-30 23:15:49
96b116ae-c5c6-4636-90f7-701ebeb43d32,sudah download tapi tidak bisa masukin pin tidak bisa,2,2026-01-30 22:22:54
db102257-f64f-4f91-ae5a-14c83f36179b,"Mudah operasionalnya, bagus untuk monitoring rekam medis",5,2026-01-30 19:50:24
195b31f4-7075-41a2-a1a0-5f3f8dc36474,"Aplikaasi gk jlas gak bisa login, mna gua butuh sertivikanya buat krjaa, gak jelas emang aplikasi bikinan pemerintah",1,2026-01-30 17:42:24
07fd3d91-85c6-4174-b6ef-3fc139f4ee3a,sangat bermanfaat dan berguna...,5,2026-01-30 17:34:07
0873a7b9-05ae-4ef9-8c12-254dac08ee48,bagus banget,5,2026-01-30 17:27:32
c8fd1df7-4e3d-4f47-9b9c-94655cf65156,"Bintang minus bisa gak ya? ini aku yang skill issue atau gimana ya? login berulang gabisa terus, plus respon status API gak jelas sama sekali, sayang sekali padahal latest UI sudah bagus tapi servernya kocak.",1,2026-01-30 10:18:33
29962d84-6507-41a2-90f1-5005ee353a2a,"setelah diupdate malah sama sekali nggak bisa masuk,no hp udah bener,email udah bener,pin udah bener tetap nggak bisa masuk👎",1,2026-01-29 20:02:53
0509ffd3-e989-4ca2-b3f0-b53e156e24d2,"pelayanan yang baik,dan mudah.",5,2026-01-29 17:07:22
a62c5701-d634-40f1-bc29-b54773a91c6d,Coba dulu..,4,2026-01-29 12:40:58
fd432d2e-ef90-4f9d-83b3-51b117d65f01,6 ty💋ò,5,2026-01-29 12:00:44
51e6c404-857a-4f05-ac87-78f3e4e8ce0a,Aku suka bagus sekali,5,2026-01-29 09:46:23
8a17be2a-63b0-44dd-bceb-9c490dbd7d43,Aplikasi ini sangat membantu untuk mengetahui kondisi kesehatan diri sendiri agar lebih terkontrol dan terjaga kesehatannya.,4,2026-01-29 00:18:44
1a627388-d17a-4a16-b528-92290864b2ec,sangat membantu sekali,5,2026-01-28 21:50:43
53df60f6-e70b-4579-b966-9ec54d26480f,kak mohon maaf ini kenapa sertifikat vaksin ketiga saya gak ada padahal saya udah vaksin. mana ini di butuhkan buat pekerjaan saya,1,2026-01-28 20:53:53
3975c38d-c34c-47c5-8932-f51b16c15e9d,"praktis, mudah",5,2026-01-28 18:12:22
b3ab4c30-baec-43cf-a13e-33f8b8e594ed,gak bisa login padahal uda reset pasword .. ane ini ada udang di balek rempeyek .,1,2026-01-28 14:11:23
007a4603-1a1c-4ae1-b699-93cb485fc1c5,Good,4,2026-01-28 13:44:50
160f01bb-3ace-452c-9bd4-c2f423570b33,selalu memberikan pelayann yg terbaik,5,2026-01-28 12:44:43
f90ad6a9-a70e-42dd-bde2-0837e38805c1,good,5,2026-01-28 10:52:01
ec6102a9-d012-49a0-b48d-507af43a2556,"abis diperbarui, malah gak bs login.. aneh",1,2026-01-28 08:15:10
e92d94ab-78b7-4a46-8971-d0bcba414421,"Tidak bisa login, dicoba masuk dengan lewat aplikasi IKD juga gagal",1,2026-01-28 05:48:07
346459fb-296d-46b6-a13b-d59cca027fe5,good luck,5,2026-01-27 23:54:56
8f56db0f-576c-455e-ae29-f5e31a3c9ebc,"sangat membantu,cepat tanggap cermat",5,2026-01-27 16:29:55
59b88915-df92-4917-accf-0b1e92c8aac4,yang pake aplikasi ini buat daftar kerja atau pelatih doang,3,2026-01-27 14:13:53
dbebaf68-40fc-4e28-99e1-953878e30759,"gagal masuk terus pake email gabisa, pake nomor gabisa, pake NIK juga ga bisa. udah lupa pin atau ganti email yg lain juga ga bisa",1,2026-01-27 13:58:14
9565a1e6-3834-46d3-8914-d2187aec9d97,"saya coba daftar, tetapi informasi bik sudah terdaftar (padahal saya belum pernah daftar satu sehat, mungkin migrasi dari pedulilindungi). ketika saya masuk pakai lupa email dia malah minta verifikasi dengan email. bagaimana saya bisa masuk.",1,2026-01-27 12:35:33
27c9f884-86d8-4468-add5-7766e0792d1c,nah ini baru betol,5,2026-01-27 11:13:37
ae2c982b-b842-44a3-b326-2bb284f7424f,bagus,5,2026-01-27 10:46:57
aa75d9f1-5da1-4c11-8561-e76b8c9d1c41,"Percuma menyediakan opsi login via IKD kalau fungsinya mati total. Fitur ini seharusnya memudahkan, malah bikin ribet dan buang waktu. Tolong jangan rilis fitur kalau belum stabil.",5,2026-01-26 17:17:57
40d9ab7b-10f7-4979-8fc6-0dd718c22d21,"sdh trdftr, tp mau login slh PIN. Sdh ganti PIN tp OTP tdk masuk ke wa,masuknya ke email, coba ganti pakai email, otp masuk ke wa tp invalid. sdh ubah PIN dan berhasil tp dinyatakan invalid. kalau blm siap layanan, gk usah diluncurkan ini aplikasi. nyusahin.",1,2026-01-26 15:56:22
0aad7e92-11c0-4709-9281-55f6fdfbee7a,makin inovatif,5,2026-01-26 14:58:54
5aa96a2d-b271-456a-a64e-75ba349bbb8b,"aplikasi terlelet yang pernah saya pakai ya ini, ganti jaringan secara berkala hanya karna mau ngapa ngapain di dalam aplikasinya terlalu lama muatnya. Kirain jaringannya yang lelet, taunya emang aplikasinya yang bener bener lelet. Mohon diperbaiki segera dong, saya mau ngurus apa apa jadi terkendala.",1,2026-01-26 09:17:25
0034a7a0-3cce-4f0a-91a2-eaff5c0a011b,"Kok nggak bisa log in ya, selalu muncul tulisan ""sepertinya permintaan anda tidak valid"" saat selesai memasukkan pin. sudah coba ganti pin dan sukses tapi buat log in gak bisa lagi.",3,2026-01-26 06:10:05
b66f52fa-0d01-4af0-b980-ffd28dc69d23,semoga semakin optimal,4,2026-01-26 03:51:06
61a0e878-fc84-4132-aae4-424f71273128,oke,5,2026-01-25 20:35:34
57452676-171a-4e28-9e8d-771db8656962,"tidak booking jadwal pemeriksaan, malah dapat notif booking jadwal, ketika diganti jadwal balik otomotis dan keluar hasil sendiri tanpa pemeriksaan, coba ubah jadwal lagi harus nunggu ultah lagi, aneh",1,2026-01-25 12:41:23
f51531b3-9c70-48dc-a59b-70fd62ad66fe,Alhamdulillah kami bersukur adanya pemeriksaan gratis ini semoga sehat selalu 🤲 Terimakasih🙏,5,2026-01-24 21:51:34
61ffe564-4aa1-415b-a99c-791944b12f39,untuk saat ini membantu,5,2026-01-24 19:44:42
308f00f1-6e46-494f-884d-76f383c7820d,"Kak ini kenapa ya mau login dengan IKD loadingnya lamaaaaa banget, emang begini ya? Terima kasih",2,2026-01-24 19:11:54
5ca81851-99ab-452c-b212-efcd4735a42d,"Aplikasi terbaik sepanjang masa, sangat praktis sekali banget pisan chuaaakkksss",1,2026-01-24 17:31:27
b6c4d377-0b55-4b3a-a324-6582b3e39906,"aplikasi aneh, ga bisa login, kode verifikasi udah berkali² diisi sesuai tetap ya bisa login",1,2026-01-24 09:31:16
178aa622-7e56-4224-812d-028c8dae5d01,ok sangat membantu,5,2026-01-24 08:55:45
7de7396d-49c6-400c-87c6-58c31f004966,mantap benar,5,2026-01-24 08:15:34
0199ecc4-868c-4523-8562-159c0eaf10f6,mantab,5,2026-01-23 12:19:31
b7ee5be6-6eb6-41da-af9b-0abaebd449c2,"Pelayanan bagus ,kalau bisa pelayan giigi palsu bisa Puskesmas ,agar lebih efektif ,efìsien .karena kalau di Pusatkan di salah satu RS.kurang efisien",5,2026-01-23 10:47:11
1959c23c-b9b2-4c9e-b7fa-da6fdd4c24b4,ajibb,5,2026-01-23 10:12:15
b37d332f-282d-46e7-bfe6-851fdb4e15bc,good,5,2026-01-22 20:10:23
85dbbb76-2bad-412f-8b72-1e2ce655b2da,"aplikasi habis masuk logout,masuk lg pin tidak sesuai,lupa pin nik tidak sesuai,lupa akun,anda blm punya akun, daftar nomer sdah terdaftar 🤣",1,2026-01-22 12:48:48
cf7deb28-0889-4875-bcd5-07ca68793a33,ERROR MULU,1,2026-01-22 12:08:31
fc0d81dd-eb59-4b1c-8a73-3133a69ac286,sangat bagus,5,2026-01-22 10:07:46
afb49e53-cb0c-4089-ab9f-b1474972f69e,sudah baik,5,2026-01-21 23:39:46
4cd062a9-a66c-4b53-8754-bc51fac6eba4,"gajelas ini aplikasi, buat download sertifikat vaksin gabisa teruss. padahal gada kendala apapun di hp sama jaringan",1,2026-01-21 20:11:14
84816619-02dc-43dd-b649-8995a969074c,bagus murah,5,2026-01-21 17:13:55
40cf82e6-f8ef-4479-b143-50f9000b9f93,Aplikasi sampah pilih jenjang pendidikan aja di klik gak bisa,1,2026-01-21 15:28:34
8ec726e4-ef14-4d5e-ad84-564eb6b81072,ini kok aplikasi nya ga bisa login padahal udah betul kata sandi sma Email tolong dong di perbaiki🙏🏻,1,2026-01-21 07:49:27
9d594fcf-f6a9-4760-914b-9a8e8815b584,sangat baik sebagai kontrol diri,4,2026-01-21 00:02:30
a8f1dfb4-afb5-4884-b252-e555e4fcf59b,"aneh , udah masuk berkali kali tapi pas masukin pin data tidak valid .",1,2026-01-20 22:01:48
1a9c9b22-1f2f-42cd-8fe9-059e93dd94d5,permintaan anda tidak valid mulu padahal email dan pin nya sudah benar,1,2026-01-20 18:51:14
4d9f134e-3cf8-4b5f-a044-e67168a670b7,"apalah, ga bisa login padahal email bener, coba daftar pake email yang sama malah ktnya udah terdaftar🗿🗿 tolong ini diperbaiki, kasian yang mau cek data kesehatan digital",1,2026-01-20 17:36:41
1c4980ff-8256-4328-919e-fd01f31088df,mengapa sulit sekali catak kartu vaksin di aplikasi baru ini,2,2026-01-20 11:54:24
29d8e060-efad-447c-bbdd-7bf416da55f5,"menua pasti, sehat pilihan saya",5,2026-01-20 05:37:15
5492e3dc-b4f3-434d-a7c2-2e9a245edd96,status kes. seseorang terpantau sedini mungkin.... 👍,5,2026-01-19 23:29:10
4ad19435-515e-403f-9771-409a01ca1a78,mantap,5,2026-01-19 22:04:43
96e14738-6556-42ff-a65f-ec36a465ff32,ketitup sendiri terus. padahal udah hapus chace dan udah instal ulang,1,2026-01-19 19:39:54
f1c74170-67c4-4022-8bff-50aad48c7b08,kenapa ya sangat sulit menggunakan aplikasi resmi buatan negara sendiri.. untuk masuk tidak bisa.. apa lg untuk cek sertifikat vaksin.. ini sudah tahun 2026 masih sesulit ini kah untuk akses mudah..,1,2026-01-19 18:59:46
6f0fa34f-9409-4825-948e-d03f99882b3b,"tingkatkan lagi ,",5,2026-01-19 15:18:07
f4daf1f4-3a37-4929-aaf4-77ab3307e15a,"aplikasi kaga jelas , Mao log in kaga bisa. nungguin kode otp kagak masuk via wa. sekalinya masuk lewat email. eh di aplikasi nya malah kaga bisa juga .",1,2026-01-19 11:23:21
70c8828b-841c-48f5-85a1-a3c0029c244e,gk bisa log in,1,2026-01-18 20:39:33
560147fb-515e-468d-8261-27927a22b855,sdh mulai mendetail pencatatan kesehatan,5,2026-01-18 16:32:33
a91cf08e-9d6e-45af-bbf9-3a54c0975fca,aplikasi koncet apalah daftar ga bisa login lupa password juga ga gerak sama sekali kocak,1,2026-01-18 16:29:16
751c5368-ea50-41ce-bbc8-c84bd4764c27,bagus,5,2026-01-18 12:13:10
2698b9eb-c258-4976-90f3-fb875824cbef,"aku ga ada keluarkan akun, pas buka lagi lupa pin, pakai lupa pin dong, buat pin baru. dibagian verifikasi kirim kode ke wa ga ada dikirim², udah berulang dibuat tetap ga dikirim. coba dehh buat lupa akun, isi data dari awal dong malah ga bisa ""permintaan anda tidak valid"". terus gimana mau masuk niihhh, tolong lah masa APK ini jelek bangettt, tujuannnya bagus, tapi ga ngebantu malah ngeribetin",1,2026-01-18 10:37:10
0ac684d0-dd4b-452b-9cb3-4b98e2994ce3,"lama ga akses, tau2 data vaksin suami sama anak 3 hilang, yang ada di apk cuma data sy sama anak ke 4, parah...",3,2026-01-18 07:26:39
ce41861d-a2b9-430c-97f0-22bce993dc61,mengunduh sertifikat vaksin nya gabisa terus,1,2026-01-17 19:02:57
937585e0-5d91-4483-ab5e-a0285e7a2e4e,"masuknya super susah habis waktu di buat aplikasi ini salah terus. pke notel slh pke gmail salah pin juga di perbaiki salah terus. inilah aplikasi mempersulit diri sendiri. Pertanyaan nya,,, jawab sendiri bisa tidak?",1,2026-01-17 14:14:49
92bd2207-1291-4d8f-9b77-8e7ec5fa7ef1,"susah masuk pedahal lagi arjent pengen bikin surat vaksin, ini tolong dong di update aplikasinya",1,2026-01-17 12:41:54
0523aa7e-35ff-44cf-8cf7-67b3cf3d7612,nice,5,2026-01-17 11:35:17
a7a11608-9128-4c0c-83dc-8dd237bf4914,sangat bagus untuk melihat perkembangan kesehatan secara rutin.,5,2026-01-16 11:16:23
0feb6f86-961b-454e-a4e5-271bbe6cc00d,"gabisa login katanya gak ditemukan akunnya tapi pas daftar malah katanya akun telah ada, pemerintah kocak negara kocak, apa si yg bisa diandelin dari negara ini kalo aplikasi kesehatan gini aja masih eror",1,2026-01-16 11:13:06
c9535353-9dcc-43ad-9a0c-1e0c75db88f1,"Aplikasi edan, selesai ubah pin malah gk bisa masuk, malah muncul pesan ""permintaan tidak valid"", kocak nih aplikasi bobrok.",1,2026-01-16 10:36:52
1e32839b-fb16-4011-ba7a-4a623d030cb6,"ini gimana sih, baru mau daftar akun karena salah memasukkan nomor 1 angka aja udah ngga bisa dipake lagi. pake email juga bilangnya nomor sudah terdaftar. tolong dong solusinyaaaa",3,2026-01-16 05:21:31
ad58546d-382b-4b5c-b186-301900fc532d,"Mau melengkapi data pribadi untuk cek kesehatan gratis tapi ga bisa konfirm karena diblgnya tanggal lahir tidak sesuai dengan NIK padahal sudah sesuai, kalau memang ga sesuai NIK masa iya bisa buat akun nya kan konyol",1,2026-01-16 03:45:10
99ab4e58-060e-4d23-a248-f80f42cad945,Kode Verifikasi WA ditunggu sejak SMP sampe skarang gak nongol,1,2026-01-15 18:57:00
e78bf4ea-a93e-4644-ad72-1e14b34ed2d0,ga bisa login ke akun yg udah terdaftar 👎🏼,2,2026-01-15 17:18:32
0a35178b-623f-4f44-b2ad-f7c03b70d5ca,"sangat lelet, untuk login menggunakan IKD saja tidak bisa",1,2026-01-15 10:29:39
0dfafc3a-065e-4620-9768-54230148c3be,"punteun, kok nik sy tdk sm dgn nama sy yah ? siapa yg menginputnya yah ? sedangkan sy mau rubah/koreksi data tp ngga bisa yah, kenapa ? kok aneh pisan yah ?????🙏",5,2026-01-15 09:18:21
5696e6e3-2a7d-4423-9f70-6c86ecd5b003,"apasih gabisa di akses sama skali, pemerintah modal lah dikit buat aplikasi berkualitas jgn kayak gni -_- buat daftar aja gabisa",1,2026-01-15 05:15:21
bb82feb0-7fe9-4f6f-9d38-e3f528604c6e,"Aplikasinya sangat mantep dan akhirnya muter muter dan sudah diakses, sukses selalu dan selamat gajian tiap bulan 😁",1,2026-01-14 12:49:56
61fb9195-1ba6-4ef8-9dd0-0a25b31190aa,ok,5,2026-01-14 10:57:01
692a4d5e-8fae-4dcc-9947-ccb862006d13,gak ada yg kasi bintang 5,1,2026-01-14 10:56:00
86ab8847-e82c-4fd0-95bc-b98620c5495c,susah untuk. login,1,2026-01-13 21:59:52
2e322dd3-69ed-4127-b004-10189a0554a3,"Saya sudah vaksin miningitis + polio. Tapi kok ga terdaftar di app. Bikin app jadi 1 terpusat dong. Jangan masing masing. Auto uninstall, ga berguna jadi nya. Kaya ga ngerti mau ngapain di app ini.. Cuma buat liat sertifikat vaksin covid doang yang baru jelas terlihat manfaat nya.",2,2026-01-13 19:45:12
7197390d-85f1-4de6-9707-02322bde90d1,hasil cek gratis saya d aplikasi blm keluar,5,2026-01-13 19:14:57
0bef1038-ef3a-4467-bc4b-76166685d82e,kenapa gak bisa login kak ? padahal email sama pin sama ? huhuhuhu,2,2026-01-13 17:55:09
ad104f59-5e8d-43f2-9f8d-a5d1c7e37d8c,"setelah update, sudah 2 hari mau masuk invalid password terus. padahal sudah lupa pass. tetap tidak bisa masuk",1,2026-01-13 15:52:14
98060acc-b47c-4060-a573-40e2df6ef457,"benerin dong dev, verifikasi via IKD stuck loading terus (solved)",5,2026-01-13 13:52:07
1a4d82c6-0c82-4479-b385-16416f8fe9b4,sangat membantu semangat moga menjadi amal Sholeh,5,2026-01-13 10:35:32
32a465c4-9afe-497b-b3cd-e0f4365d8768,pertahankan pelayanan kesehatan yang prima,5,2026-01-13 10:35:08
d1130491-38a2-4499-a1ad-a87dcfd8b012,Maklumlah aplikasi buatan pemerintah . kalo ngga error ya tolol,1,2026-01-13 10:07:34
0dcef83e-b14d-4b33-a011-9c7b069b75de,senang perilaku kesehatan kita didokumentasi digital. Apalagi sdh terhubung dengan aplikasi samsung health dan ada fitur pengingat minum obat. semoga bisa terkoneksi dg rekam medik kita di faskes ya,5,2026-01-13 09:30:56
beba65d0-e58e-45cd-8bb2-1458e780f22b,bagus,5,2026-01-13 04:04:41
43c44ef8-3c76-44bd-9481-0f3d6cea846d,tolong ini punya saya dari awal kan salah pin udh di coba ganti tetep ga bisa mohon di perbaiki lagi,1,2026-01-12 13:27:24
06b50ee9-630d-4200-ac35-b9c89a770be1,"saya udah update dg apk yg terbaru, saya mau masuk koq g bisa ya, udah verifikasi juga masih g bs masuk, udah coba ganti PIN jg, masih aja g bisa masuk, gimana loh kak?",1,2026-01-12 11:39:11
be28f973-7d37-45d9-93c6-788b3aaf6306,"gak jelas, , mau log in gak bisa, , verifikasi gak masuk, ,hapus aja aplikasi gak mutu",1,2026-01-12 11:06:21
bf9fabcf-2d83-40c8-bfb7-5a7aadaf93ba,bagus banget,5,2026-01-12 09:37:16
30fb2ee3-a4ba-4b01-9bcd-8ad0a001900e,program medical check up gratis hadiah ulang tahun buat rakyat..SAMPAH. sudah datang sesuai dng jadwal malah tidak bisa dengan alasan jadwal chek up puskesmas Babakan Madang Kab bogor.dengan aplikasi beda. rakyat disuruh bolak balik.. itupun yang akan dicheck cuman gula darah dan ekg katanya ..,1,2026-01-12 08:28:45
7a49a7e4-4cd5-4488-b68e-82503549867b,Aplikasi yang membantu upaya sehat | fiturnya lengkap | mudah dioperasionalkan.,5,2026-01-12 07:56:58
6429743b-5846-4e0f-aff6-5a98529259c2,"ge jelas stuck di PIN mulu, Per Tanggal 12 Januari 2026 belum ada respon sejak diajukan keluhan terkait tidak bisa login sejak 27 Desember 2025 melalui website aduan keluhan,benar2 tidak merespon dan tidak memberikan solusi apapun, dan saya coba lagi dengan reset PIN dan input PIN baru,namun tetap saja muncul ""SEPERTINYA PERMINTAAN ANDA TIDAK VALID"". Lagian kok bisa ya sekelas aplikasi KEMENTERIAN di hack dan jadi tempat JUDOL,perlu dipertanyakan kinerja semua tidak hanya tim IT.",1,2026-01-12 01:44:32
61ab5e15-3e83-4b97-8de2-7a3c53f20204,ok,5,2026-01-12 01:41:00
16156517-e0c3-437c-a013-0e820e259e9a,"apk sampah, mau masuk akun belum terdaftar, pas mau daftar nomor sudah terdaftar. kan an",1,2026-01-11 19:55:38
ab1ac201-7292-43cc-b3c7-200ddc56fb9f,bagus,5,2026-01-11 19:21:28
2d8d491a-b6b2-41a4-89f1-d33d3f0a0b57,lumayan mencatat riwayat pemeriksaan dan jadwal minum obat,3,2026-01-11 18:34:57
d5600b45-da49-4c5c-a854-8f3dde1d1d6c,"aplikasi terhenti ,tidak merespon ,tidak bisa dibuka :(",3,2026-01-11 10:25:37
ab0f9062-622f-4805-8959-9f56a3c28ed3,bagus,5,2026-01-11 10:03:58
152c9d3d-5f69-4752-8e2d-7cf14a533a50,luar biasa,5,2026-01-10 15:01:17
ff67f71f-eaab-49a8-9262-77fb8df356cb,sangat mudah digunakan,5,2026-01-10 12:41:30
5d4ef09c-338d-4263-8e62-e92996a2da7b,"mau masuk gak bisa pdahal sudah update pin, tapi tetep gak bisa masuk, tolong perbaiki sistemnya",1,2026-01-10 11:02:50
8b16c46c-c687-42f1-93b1-b5095ca79c98,"edukasi hasil tiap skrining ditambahkan lagi, atau koneksikan dengan hasil riset atau anamesa dari misal : halodoc atau dokter online lainnya. Oh ya, sepertinya perlu ditingkatkan deh, mau sinkronisasi ke app kependudukan digital selalu lama dan ujungnya gagal",4,2026-01-10 06:17:22
76a39042-eaad-4538-8eff-6df76c1b2257,semoga sehat selalu,5,2026-01-09 21:17:43
ddcbc3a0-d0eb-4142-bf8b-e134eb278699,"mau masuk aplikasi gak bisa lanjut. padahal kode otp dari email sudah dimasukkan. tertulis ""sepertinya permintaan anda tidak valid""",1,2026-01-09 17:12:57
4ea2f7fb-dfb3-4200-9fd6-2adf2ac07af1,mantap,5,2026-01-09 16:40:05
e7d04c47-0674-461b-b349-c34c2c26cc6b,"saya kan mau ulang tahun saya coba daftar aplikasi tetep tidak bisa ya tetep gangguan aja, dan datang ke puskesmas katanya belum ter sedia di sini wilayah saya😡",1,2026-01-09 09:55:11
0ed46a63-cd41-4b98-af6c-a097aba52a6f,"susah pake banget nentuin lokasi untuk akun tertaut,,masa iya di pencarian lokasi nge bug terus ketemunya lokasi aceh terus.",1,2026-01-09 07:12:18
f9ae2959-7b65-46a1-b4c1-e1475828c8aa,"ngisi data untuk CKG yang bagian jenjang ga keluar opsinya gabisa id skip, gimana cobaa aneh bgt ngestuck disitu",1,2026-01-09 06:40:25
9f28cbeb-5136-4416-96ee-8b609dde6a5a,perbaikin lagi bugnya,4,2026-01-09 05:00:41
b1197606-f518-49b1-a5d8-d45112fb2240,oke boss,5,2026-01-08 23:47:04
90150926-d843-4a5b-81e1-349caca4fe1f,sehat selalu,5,2026-01-08 20:16:20
4aa9a999-b0f5-49fb-a96a-8c516120d4a6,"daftar cek kesehatan gratis anak sekolah selalu muncul "" permintaan anda tidak valid "" padahal data yang diinput sudah sesuai semua",1,2026-01-08 19:48:48
26cb1102-7455-468b-8ee9-9872cfb44138,ok,5,2026-01-08 19:25:36
06ec03dc-b684-4fed-82ae-f6e4f4c5426d,mantap,5,2026-01-08 18:50:48
7b684233-d7a4-4e1f-812e-d38ec54fafd9,IYA BAGUS MANTAP BANGET SETUJU,5,2026-01-08 18:33:07
e3646744-704a-49bd-a7bb-b18e2b739cb0,aplikasi belum siap maksain harus dipake,1,2026-01-08 06:30:07
bd505e35-457c-4819-b470-d36dc17e319d,"aplikasi ga jelas, saya belum daftar pas mau daftar malah ga bisa, benerin lagi ni aplikasi",1,2026-01-08 05:40:57
b70a9458-0e5d-4ce5-bd86-7d2a9ff8338a,"saya mau login knp tidak bisa? no hp dimasukkan utk kode verifikasi wa tp tidak dikirim melalui wa, buat akun baru juga sama, masukin email/no hp tertera no sdh terpakai, trus mau login harus bagaimana?",1,2026-01-07 16:58:03
ea0c9f39-705d-48bf-86bc-fa1fd3a7bd86,semua baik,5,2026-01-07 14:38:19
42acf6b1-77b7-4e5c-84c4-7fc6283c5405,tidak bisa mengunduh sertifikat vaksin,1,2026-01-07 14:36:29
ca3a7393-2ae0-4a42-be6f-bba356376cd1,"tlg ya, kalau blm ada fasilitas utk cek nya di tiap puskesmas, ya ga ush di masukin sbg list yg hrs dicek, anak sy, ada hasil yg di input angka ngasal. (dg alasan gak ada alat nya). jadi kesan nya, utk formalitas saja . kan parah, gawat.. tlg ya pak Presiden diperhatikan. matur suwun",1,2026-01-07 14:06:43
0dece880-9b11-4c66-9125-95b7888a0e06,"ini apk gak jelas bgt ya.. jelas"" data gw falid eh malah di bilang gak falid.. dasar apk nyusahin😈👿",1,2026-01-07 12:54:22
0b600223-ffd5-48ff-b875-97dcaf50da93,apk ny jelek gak BS di pake,1,2026-01-07 12:45:21
4fc84d13-b984-48b5-b450-04236fbcbf45,puas,3,2026-01-07 11:22:52
0ce96816-8082-473d-be08-f6c765367939,ok,5,2026-01-07 10:35:14
f5d1e54b-ae9d-4792-bd49-7b030793d882,"ga jelas ini apk, pas mau isi skrining fisik malah ga bisa. Udah dicoba kaya gimanapun. Akhir saya apus, pas saya login lagi pake sandi. Malah salah, pas udah dimasukin email dan no.telp malah dibilang ga valid dan malah ga ke kirim kode nya.",1,2026-01-07 04:55:19
0c2d93cc-1cfc-4d04-89e5-fba40418369c,verifikasi nya setahun lama banget bikin emosi,1,2026-01-06 21:27:40
cbba474a-6c4b-4574-8c33-15cf1fce1e69,tidak bisa di akses,2,2026-01-06 19:51:41
fd766986-05cc-49eb-8f29-e3bd0830dcba,"Aplikasinya ga jelas, verifikasi lemot. modal pemerintah di kemanain kok maintenance saja buruk. Kecewa.",5,2026-01-06 19:03:35
2e3d2452-67cf-4e9d-a7fc-2097de43c8a1,saat masuk langsung diminta pin. sudah ganti pin tapi masih tidak bisa masuk. tolong Kemenkes perbaiki aplikasinya. jangan cuma menuntut masyarakat pakai aplikasi tapi fasilitasnya tidak memadai. menyusahkan saja.,1,2026-01-06 18:19:51
447c6825-0695-4022-9f16-acd43c274a9b,ga bisa login dan force close,1,2026-01-06 17:08:45
941db83d-f635-407f-8222-5caca3bbc895,aplikasi eror uda ganti pin lupa pin tetep tidak bisa. sekelas kemenkes bikin aplikasi tapii kenapa hasilnya kek ginii😭,1,2026-01-06 15:06:53
348f77c0-6ba5-4f6b-a7b8-611a7706ad81,gk bisa login berkali2 kecewa padahal minta reset pass ttp gk bisa login pdhl butuh sertifikat vaksin buat kerja !!!!,1,2026-01-06 12:54:57
048392f2-b65f-4854-88c1-c54c7bd01385,errror terus biat akun no hp sudah dipakai terus...,1,2026-01-06 11:54:36
b3a89c6b-f60c-467e-827b-6fc320626a52,hasil pemeriksaan tdk update,4,2026-01-06 09:29:49
40b9f23c-0b59-4188-80a5-2274459a94f2,bermanfaat untuk penjadwalan kesehatan,5,2026-01-06 04:51:48
86f0a825-58f6-4d36-8f65-f9038efebd9d,sangat membantu cek riwayat kesehatan,5,2026-01-05 09:36:36
c462ed74-24bb-4e01-8da3-2888e3ffd549,"sudah vaksin dosis 2 dari tahun 2021, tapi sertifikatnya cuma sampe dosis 1, padahal mau buat nyari kerja, kalo bikin apk yg bener dongg",2,2026-01-05 08:38:32
8e9d9a52-83be-4a80-9ef1-9a915aa66e9c,baru mau coba mudahan berguna dan gk ribet proses verifikasinya,1,2026-01-04 18:25:11
6af06ef9-dfec-471b-aae3-4e5b9997616f,Puas Sekali,5,2026-01-04 15:21:24
372981bc-e135-4539-adf8-642267aea2cb,"mantab gan, membantu untuk hidup tetap sehat",5,2026-01-04 10:11:48
d3d15f39-0ca9-4bfc-ba69-07c10213bd73,Mantap sekali,5,2026-01-03 19:58:40
c32dbeb3-beb2-4c72-806c-7dcb04759286,sangat bermanfaat,5,2026-01-03 17:52:35
ed67aa67-907b-4a30-a94f-7e72665a4c58,kontrol diri sendiri,5,2026-01-03 17:32:38
0b730f20-881d-4157-b3ff-fcd082d623cc,sangat bagus,5,2026-01-03 15:12:23
1f9e4b7a-adaf-42e9-8fda-c12a411ea20a,Lancar,5,2026-01-03 08:48:24
a7d5f418-5b00-4559-8252-74ab6f0f4011,bagus melindungi pasien untuk kesehatan,4,2026-01-03 01:55:43
6e27cde9-9b7d-4966-957e-bb360a883653,"saya mau masuk ke akun saya udh lama buat, ga saya apus jg tpi knp mau verivikasi kode lewat wa ga muncul"" kode nya udh dicoba brp kali",1,2026-01-02 19:54:39
ed17f0b1-5118-4f2b-bc08-85119116fae5,"baik, terbantu",5,2026-01-02 13:35:39
5f7a61bd-e6e7-49d9-89e3-27909634b59b,"aplikasi gak jelas, belum pernah ganti PIN waktu mau login gak bisa, sudah pake fasilitas ""lupa PIN"" trus ganti, masih ga bisa login selalu muncul ""permintaan anda tidak valid"" 🤮",1,2026-01-02 10:02:47
f643f8a1-940f-4db2-8d29-b374ae4e11e9,sangat membantu saya,5,2026-01-02 08:54:57
c317139a-a1ad-4a7b-a7f4-47cf0c4796c3,menambah pelayanan,4,2026-01-02 07:44:03
b6432815-3b38-468b-b7ee-84b5ae7399c2,Aplikasi bagus,5,2026-01-02 07:26:33
1cfae5ae-c53b-4216-921f-ee13369ad1b0,"Sebenernya cukup terbantu untuk pemeriksaan kesehatan gratis dengan aplikasi ini. Tapi sangat mengecewakan ketika tidak bisa memberi penilaian terhadap hasil tes yg tidak relevan yg diisi oleh pihak puskemas. Masa saya tidak dites gula darah dan kolesterol, di hasil tes tertulis normal semua. Tensi tinggi ditulis normal, bahkan saya tidak cek EKG dibilang hasil bagus. Sangat berbohong pihak puskesmas mengisi data tersebut.",1,2026-01-01 18:29:44
c73372d6-274c-4f8e-9182-0047fc1b8173,aplikasi gaje. NIK benar kok di keterangan NIK salah.,1,2025-12-31 15:49:20
7db32a34-b17f-4892-8f56-fc749ecf4d89,membantu apk ini,2,2025-12-31 12:54:15
cf5fb81d-02f7-4cfa-ab5e-0561af5d73f8,keren,5,2025-12-31 05:44:28
a4c284c0-f30b-49e5-ba1a-ab21c973ec92,baik,5,2025-12-31 00:36:39
eff97479-ec70-466f-97bb-ed840995530d,"ga daftar buat skrining kesehatan tapi ada datanya itu kek mana???? nama anak lagi bisa2nya asal isi dan ambil data seenak jidatnya, apk pemerintah kapan sih bisa diksh rating 5?? ga pernah bener",1,2025-12-30 22:20:30
c9ce7099-4f4c-45e8-bf6a-4f4d9f35c329,TIDAK BISA LOGIN. HALAMAN MASUKKAN PIN BERMASALAH,1,2025-12-30 20:58:09
7fb7f5a4-b944-4b55-a52e-4913bb4aca5a,Alhamdulillah...saya mudah mendapat informasi..,5,2025-12-30 19:44:56
199bca54-f3bd-4add-8cb5-217f1ca1c802,pelayanannya lancar,5,2025-12-30 18:16:13
401017f3-8768-42d3-8a97-8422e4a3ef57,smart educational health care. sangat membantu monitoring kesehatan pribadi dan keluarga. sukses selalu SATU SEHAT.,5,2025-12-30 15:32:49
d083fdc3-3e4c-4aa0-9547-898d06069e34,"sesuai pengalaman saya, pernah mendaftar antrian secara online melalui aplikasi ini, namun belum dilayani malah diaplikasi keterangan sudah selesai dilayani.",3,2025-12-30 13:57:51
bd2ed490-b457-4c4c-a248-4c67f6ecfe4b,ketahuan penyakitnya,5,2025-12-30 12:17:55
d5a1c671-5c56-47d9-b700-4695284baaee,sangat cepat,5,2025-12-30 11:28:39
d1cdd776-83a9-4c51-8815-04114562a57d,aplikasi nya maantap,5,2025-12-28 15:15:55
80cfbfb3-feda-4637-a59d-55f09af998d6,"permisi min, ijin menyampaikan aspirasi pendapat. kenapa tidak digabung ke jkn mobile min? agar satu pintu. daftar di rumah sakit kecil tapi data jga bisa terbaca di RS besar. terimakasih",3,2025-12-28 09:19:50
6eb9fb24-7ebf-453c-986f-808ef460cabf,puas,3,2025-12-28 08:22:01
a2f4c521-bd29-43b7-97cd-049fd0951b93,"aplikasi ribet,bulak balik suruh ganti pin sudah,masukan nik sudah dll,tetap aja pin tidak valid. susah login aneh",3,2025-12-27 17:23:44
36037d10-fbde-48de-a0b8-b69d17ca52bf,"buruk sekali, saat pengisian data domisili saya nggk ada lalu saya buat pengaduan ke email, di balas lama banget dan jawaban gak sesuai dan nggak nyambung itupun pake jawaban otomatis, yang disalahin malah datanya padahal yg salah aplikasinya😂 genah pora??? seriusan loh masa apk dari pemerintah kaya gini yang kerja niat apa engga??",1,2025-12-27 06:43:18
a142ca94-f2f3-4321-9c30-88bb39aa44f4,Alhamdulillah sgt membantu,5,2025-12-26 21:02:48
e2b41679-1669-49c1-87d1-39971d6cdaae,"kesulitan login, malah yang ada tidak valid, dan udah hubungi helpdesk nya ,gada respon",1,2025-12-25 13:51:24
3c41acf8-c7fa-4936-b883-cadfb464e2de,"Satu sehat mudah di gunakan,banyak informasi tentang kesehatam",5,2025-12-25 11:06:54
6bea20f5-0201-41f6-9af8-94399f694568,Coba dulu,1,2025-12-24 19:05:16
49b57839-fe17-4c0b-b442-3b8566fd72df,"Aplikasi mau masuk susah, harus gonta-ganti pin ngak jelas",1,2025-12-24 16:15:38
9cae1273-31c8-4bdc-910f-4210413b7b04,oke,5,2025-12-24 14:56:24
bb293b1b-15f1-4380-828a-bbb4cf161375,"Tidak bisa login walau sudah ganti pin, yg ada permintaan tidak valid terus, sudah komplain via web juga tapi belum di respon.makasih",1,2025-12-24 11:33:22
ab0fbd7d-faef-4618-be9a-b535b34ab637,"login email, pasword benar.. tapi susah masuk. banyak bug.",1,2025-12-24 09:34:39
c4e79eb0-eee1-46ca-818d-40ba19a929ce,Sangat bagus,5,2025-12-24 08:00:11
108c5f7d-0d18-461e-9e5c-16287a897398,setelah diupdate malah tidak bisa masukkan pin. sudah ganti tapi tetap sama tertulis permintaan tidak valid,1,2025-12-24 06:07:14
ac608fc1-fc43-4f3a-b4c8-e1b3bef555ca,mantap,5,2025-12-24 05:46:57
996597cb-ef9d-4d53-9563-96a5107fd688,"ga bisa masuk, padahal udah ganti pin. 2x kayak gini. Dana buat perkembangan aplikasi apa kurang? Punya pemerintah loh dari Kemenkes masak sekelas Kemenkes aplikasi jelek butur kayak gini, eh tapi aplikasi dari pemerintah Konoha ini emang jelek jelek. Itu dana kurang apa dikorupsi besar besaran?",1,2025-12-23 20:19:18
940a02c7-bc68-4043-8c0f-e7d99cae62f3,aplikasi busuk buang2 uang rakyat,1,2025-12-22 23:21:26
212b7276-f31a-4bb7-aa79-d9f99094dae2,gasken,5,2025-12-22 20:52:42
9be6efd8-2e5e-4425-8232-81439c7e818a,"kirain lupa pin, tapi udah berulang kali ganti ttp d bilng salah pin nya , tiba2 error",1,2025-12-22 14:14:44
c3b7537e-6f22-43fe-b9ff-1ec9c98420ff,"membantu, tks",5,2025-12-22 11:09:43
8a323e51-6075-455e-b92f-05c180b42074,Aplikasi error force close ketika login atau setelah memasukkan pin dengan benar.,1,2025-12-22 06:51:34
bc87d6f8-c73a-4406-9be0-2767e6aa5310,Lebih Baik Mencegah Daripada Mengobati,5,2025-12-21 22:48:09
6a392fa1-36d5-4256-bad3-bb418c545cf3,CARA PENGGUNAANNYA GMNA KAK,5,2025-12-21 22:38:14
772b1954-7399-4a05-8374-5e229e57650a,aplikasi kementerian sekacau ini.. verifikasi WA dan Email ga ada yg masuk,1,2025-12-21 21:18:34
bd1aa9a0-17f0-42b1-ad37-b475a001f9af,Aplikasi yang berbau pemerintah tidak ada yang bagus banyak yang bermasalah.,1,2025-12-21 21:13:46
9f31a6cc-96aa-4a12-92d0-c7d2658c5d63,aplikasi jelek saya login akun malah muncul akun tidak ditemukan padahal dulu login pakai akun ini malah hilang padahal saya mau ambil sertifikat vaksim sayaa malah gabisa,1,2025-12-21 16:01:07
a4fc572a-a739-45ab-ae22-83c021f5a7bb,"aneh, sy blum melakukan tes kesehatan ,tapi hasilnya sudah ada",1,2025-12-21 12:56:57
14ac68d1-d087-4af4-98ee-b758dc5d0a5f,memang aplikasi buatan negara atau instansi pemerintah gak ada yang bener.. mau daftar antrian pakai online tapi gaj bisa karena tiba tiba dari aplikasi sendiri yang menentukan tempat dan waktunya. lalu mau verifikasi data masukan kode otp sudah benar katanya gak pernah benar. saya bisa baca tulis saya masukan kode yang benar di anggap salah. ya allah tolong,1,2025-12-20 23:15:14
1358ed88-da0f-494d-b731-1cf1b56b8138,"INFO DONG,KO GAK BISA LOGIN DI HP KU YANG SATU YAA,PADAHAL SUDAH KELUAR DI HP LAMA.PAS MAU LOGIN KE HP BARU GAGAL TRUS",1,2025-12-20 19:13:56
1234549a-3d67-4155-a58e-613d359ac7ff,"setelah diupdate, malah ga bisa log in terus dengan alasan permintaan tidak valid",1,2025-12-19 23:00:28
23edabf6-f89c-4766-910d-c1a460c4e596,kalau mau buka / masuk jgn pakai email cukup pakai no hp saja👍,3,2025-12-19 14:49:41
94bf6f74-7ae0-4639-95c3-115cf3daf922,aplikasi sering ERROR dan ga bisa login.,1,2025-12-19 13:52:49
25edebc2-1228-48b2-be45-b81cd50829b4,tidak bisa bukak verifikasi satu sehat agak kesel,1,2025-12-19 09:41:56
8aa8f59c-e4ad-4ce1-af14-bd79691883e3,"Semoga tidak hanya sekedar Aplikasi, namun benar benar dapat menjadi dasar terjaminnya kesehatan dan kemaslahatan masyarakat Indonesia",4,2025-12-18 21:24:07
076caad5-80fb-4e86-8f49-fdacfdcfd829,"cape banget pake aplikasi begini. mau akses malah login ulang, udah masukin password malah salah, klik lupa password buat password ulang, pas masukin password yg baru malah permintaan salah lah. konyol",1,2025-12-18 11:09:45
132dfee5-15e6-4e95-afbc-fde0a91f528c,sampah banget ini apk pemerintahan . waktu di vaksin maksa harus.. sekalinya nyari kerja harus pake kartu vaksin. sekarang apk nya aja ga bisa dibuka setiap verifikasi nomor di email. permintaan tidak valid terus!! tolong dong jangan dibkorup terus duit nya.,1,2025-12-18 09:20:26
98fe810d-74ca-40b9-94ae-aabdb673b9ca,susah,1,2025-12-17 20:17:49
3748dadc-4971-44e4-ac36-86079edaf51d,"sekelas negara kok bisa bikin apk modelan kek gini, gjelas",1,2025-12-17 18:18:55
4f2189b8-c42b-4c8f-adb6-110dc63f2a8c,setelah memasukan PIN aplikasi tertutup sendiri,1,2025-12-17 11:39:40
5266eb20-8c5e-45f2-9164-57f5c3b2598f,good,5,2025-12-17 10:40:02
c43d025d-7d22-4c95-b490-94d0b109ddd3,Baik. Benar. Manfaat.,5,2025-12-17 04:25:27
a19c26c6-da16-4b4e-9984-9c1f8a09b9c3,"jdi kaya gini,banyak diubah ubah jdi gk kaya dulu,liat surat sertifikat paksin yang kemarin juga udh gk ada.",1,2025-12-17 00:32:54
08a88923-121a-4971-83c3-5ac1d1107967,"sudah punya akun. gak bisa masuk, sudah ganti pin masih tidak bisa masuk. pakek metode masuk dengan IKD masih tetep gak biasa masuk. pakek lupa akun juga gak bisa. pakek daftar ulang juga gak bisa.",1,2025-12-16 09:53:09
80af2b05-de39-4c64-927b-cef5625fe481,udah uninstall tetep gabisa masuk kenapa ya,1,2025-12-16 09:36:51
773c4417-e965-4861-8967-ace25186a194,top,5,2025-12-16 08:51:16
709f80b1-30bc-4bdc-b70b-2055eb692e07,"pernah denger kalo apk ini data diri masyarakat prnh bocor,semoga kedepannya tolong untuk diamankan lagi data2 penting milik masyarakat,takutnya digunakan utk hal yg buruk,tolong untuk menjaga privasi data kami semua masyarakat yg sudah pakai akun ini 🙏🙏🙏minta tolong banget min",3,2025-12-15 19:29:21
1c7ffc8d-354b-4063-8f4d-5d74d9692bc6,saya ga merasa daftar tetapi kenapa mendapatkan WA dari kemenkes bahwa saya telah melakukan tes kesehatan gratis dan hasilnya pun tidak sesuai tolong dong jangan asal isi atau daftarkan lebih diperhatikan lagi Aplikasi nya agar tidak terjadi kebocoran data,1,2025-12-15 15:08:06
9d725ff5-d2f2-4dc8-9591-69f33b737def,"ini jenjang pendidikannya gabisa dipencet ga bisa diiisi samsek, jd gabisa ngisi data lengkap, udah di coba berkali2 di refresh juga gabisa2, tolong diperbaiki segera.",2,2025-12-15 10:53:15
e59f6619-8f6a-4d24-a134-913743e891c6,bagus,5,2025-12-14 18:34:21
244d30f5-5341-4f6a-81c3-646b0ebbedf5,parah tidak bisa login,1,2025-12-14 12:55:09
a300aad9-397a-42cd-8715-f536af99414b,susah bgt buat verifikasi data. minta no tlfn udh diisi tp ttp aja g ditemukan. pertma daftar isi ttl masa g bisa diverifkasi jg ttlnya. capek bgt. buat apa bikin beginian tp bolak balik ngisi data diri salah mulu,2,2025-12-14 11:01:40
062e8933-2327-4dac-bfbd-e271085293c4,SUDAH MENGISI LINK YANG DI KASI SAMPAI SAAT INI BELUM ADA TINDAKAN SAMA SEKALI? BAGAIMANA INI? TIDAK ADA SOLUSI SAMA SEKALI,1,2025-12-13 17:50:15
a016cdf1-6f27-4410-a1fb-3bd7d8553221,"aplikasi sampah pemerintah cuma bisa ngehabisin dana buat korup aja ya? di update harusnya bagus malah lemot+erorr lawak. LOGIN PAKE PIN YG SAMA DI BUAT AJA MALAH GAK VALID DI GANTI PUN TETAP SAMA, AGAK RAGU SAMA HASILNYA SOALNYA YG DI CEK CUMA YG ADA KELUHAN UNTUK MCU, KATANYA UNTUK PENCEGAHAN DINI JUSTRU ITU YG KITA TIDK TAHU ITU HARUS DI CEK SEPERTI ASAM URAT + KREATININ SAMA UREUM LAH AKU CUMA ASAM URAT AJA YG DI CEK BAGAIMANA INI MUAK BANGET",1,2025-12-13 12:56:24
797acaf0-3096-4c22-a27f-6d635dc10aa5,gak guna bgt,1,2025-12-13 12:22:39
2e6d6e6d-0240-4395-99a7-42409bd2e1f4,"Aplikasi yang sangat membantu bagi masyarakat penyebaran vaksinasi, rekam medik dll. Maaf, kalo udah keluar dari aplikasi, mau masuk lagi susah banget. Terima kasih",5,2025-12-13 08:40:43
59c5b8a2-1c6c-4e66-a6d8-33ace76f77ed,"aplikasi sama prakteknya/pihak nakes, itu ga sinkron,masih seperti masing² saja...fitur² aplikasinya masih spt dekorasi sj.",3,2025-12-13 08:39:14
8c475029-c711-4b33-b209-ff4765faae99,"Di update bukannya membantu tapi malah mempersulit, ini gimana caranya ambil antrian ke faskes pertama kalau vitur nya hilang gitu. Gimana sih gajelas aplikasi gak guna!",3,2025-12-13 01:07:45
f7c1216a-1dbc-4d7d-b3f3-f0b3cc927fbe,Tidak bisa ganti pin untuk masuk. ketika pin sudah ganti tetap tidak bisa masuk. alasannya 'sepertinya permintaan anda tidak valid'. sudah terjadi selama 2 hari. sudah pakai email dan nomor terdaftar pula. Terlalu menyulitkan pengguna.,1,2025-12-12 12:08:18
0316f790-7499-4a2c-a4cf-966a8fd3ec72,ok,5,2025-12-11 23:54:48
2cf890cd-2825-49e8-a779-6f75b7117896,sudah ganti pin tetap aja nggak bisa akses,1,2025-12-11 19:45:41
a78530cb-f243-4d33-bad3-f287bd085157,GAK BISA LOGIN PADAHAL OTP YG DIMASUKKAN SUDAH SESUAI KONYOL BANGET NI APLIKASI,1,2025-12-11 18:54:33
cdf75d9e-57d1-49d3-9bc8-39330a7e9b71,masukkan kode otp sudah benar malah tidak valid. ubah pin berhasil malah tidak valid saat login. hapus aja apk ini,1,2025-12-11 18:11:07
efd835fa-e681-47ad-9b79-63de246091dc,Agak sulit sedikit,5,2025-12-11 17:41:00
09d04a61-8dcb-42bb-8afb-e5ea40d548bf,kenpa saya tidk bisa masuk kedalm akun? kata sandi salah mulu! sudh saya ganti tetep slaah...,2,2025-12-11 14:04:25
631ed621-90b4-4b13-90b6-18477103c17c,saya mau masuk g bisa terus padahal sandinya udah bener,2,2025-12-11 13:31:34
daa367f4-2ac2-43b5-b5c9-b2a22a9e2841,mau daftar tapi tidak ada verifikasi yang masuk gimana solusinya kak,4,2025-12-11 10:00:54
058350e5-cf7d-40ba-9c76-b78056264821,saya pernah vaksin tapi pas mau liat sertifikatnya ko tulisannya tidak ada riwayat vaksin ya?,1,2025-12-10 09:55:55
23fa8c41-1040-4491-b06a-d1fa963695b2,mamtap,5,2025-12-10 08:33:15
0bb7cb23-c319-44d3-b7ca-ab7d54055f34,"gue gak paham lagi, aku mau coba daftar pakek email atau pakek nomor telpon sama aja. Katanya email dan nomor udah di terdaftar. aku kira udah terdaftar dan begitu memang prosesnya. pas login, kagak bisa masuk dan tak terdaftar. tolong banget di perbaiki dong. inj kan aplikasi pemerintah. masak kualitas nya jelek banget. 🙏",2,2025-12-10 04:42:51
efccb392-f802-4834-bdda-6fc9e6199b48,Aneh banget ibu gue kaga ngikut cek kesehatan gratis tiba2 dapet wa tiket ckg dan selang 1 menit langsung keluar hasil pemeriksaan. manipulasi banget!!,1,2025-12-09 19:50:49
9326e2b7-35b3-424c-aac4-830752e4d35f,knpa ini akun satu sehat sering skli minta update bikin bosan bagi kami yg mengunakan apk satu sehat,1,2025-12-09 17:43:19
fd761142-099f-4652-b31f-0f81c4be3ac8,kenapa GK bisa akses masuk ? SDH masuk pasword langsung keluar???? tolong di perbaiki BPJS inib!,1,2025-12-09 12:34:20
4e1880dd-67e6-41a2-b091-d3a0b0168e74,okok okokok,5,2025-12-08 18:24:28
ad22b716-06bf-4d1c-b99e-eb145f7862da,good,5,2025-12-08 16:28:28
04ee024c-e6ce-48ae-b7a4-48d0a936bd97,"eror akun sesuai tapi tidak bisa masuk, pin sudah sesuai padahal ANEHHH BANGETTTT",1,2025-12-08 16:16:51
8770df89-a14d-40ac-92f5-0eb85189dde0,"klo bikin aplikasi yg bagus dong jng yg murah, buat ngecek aja gak bisa apalagi donlot sertifikatnya, bikin malu.",5,2025-12-08 15:04:46
bcce3e49-4d49-4177-b424-66f325b7da80,bagus cepat,5,2025-12-08 15:01:39
4c13c615-7483-4be4-814d-982747e9b902,sangat bagus dan keren,5,2025-12-08 14:58:17
8f89f8e4-3eb0-4ac9-a841-400d4c7bcc96,sudah bisa setelah di update.... tp login pake ikd nya ga bisa,5,2025-12-08 14:05:46
0cfaf4b6-8581-4f09-9989-bdddbdd9ade0,terbaik,5,2025-12-08 13:54:13
50cc80fc-c4ae-43dc-a6c3-b13a344a3770,terbaik,5,2025-12-08 13:49:30
9b66591a-76e6-4f41-b394-31a9eb316909,sudah bagus,5,2025-12-08 12:43:20
eb788382-5cc0-4451-b6bb-9d0baea56a56,sangat bagus,5,2025-12-08 12:31:03
7121931b-5607-4135-a621-2d59f3e7f440,the best,5,2025-12-08 12:26:02
6801937b-2458-48c2-9fe4-7096d2fc13ef,aplikasi yang sangat membantu kami.. terimakasih,5,2025-12-08 12:14:12
b5e76d36-2829-485a-a98e-c837ef9eef0e,mudah digunakan dan user friendly,5,2025-12-08 12:13:29
eecf08df-81b4-4210-b8a1-96db13099274,very useful,5,2025-12-08 12:11:05
9ea518ee-efa8-4b66-9b2d-941f1dd938d2,oke,5,2025-12-08 11:49:28
6f9bd214-ad4f-4249-be79-6ba4474db21f,smart app for health,5,2025-12-08 11:48:23
fc88114e-d465-4b35-bc64-2061e106877f,good,5,2025-12-08 11:39:52
f3bdd129-4c69-4cc3-b3ae-cf61b1f8d61e,aplikasi keren,5,2025-12-08 11:39:05
66099970-223b-4159-bcd5-05a000019ddc,bagusss,5,2025-12-08 11:36:50
74f641b4-16d0-4650-b74f-cc459e2a8221,hari saya cek kesehatan,5,2025-12-08 11:19:05
78ff1111-9b19-4d51-9efb-fb1759a8be91,bagus dan rapih enak,5,2025-12-08 11:18:20
8eb0410b-8eed-42d2-8c00-a70ee10f6013,Sangat bagus utk riwayat kesehatan,5,2025-12-08 11:08:23
f8cc97f3-89de-4d3d-9297-84038912eb33,"ga jelas bgt, masukan no HP katanya udh dipake, masukan email jg ga bisa, udh foto KTP jg tetep ga bisa masuk, rugi waktu untk instal",1,2025-12-08 11:05:57
fd6ec84d-2126-4aa8-aa47-13f2aee39cb7,"tidak bisa login pake metode apapun. sekalinya bisa login, sudah ada data hasil pemeriksaan yang saya tidak pernah lakukan dengan nomor tlp yg beda. sudah kirim aduan ke help desk tapi belom ada respon.",1,2025-12-08 10:43:20
58ff0970-6deb-4999-8a59-22290300adf3,aplikasi bagus,5,2025-12-08 10:35:44
bed7fe37-3103-4f61-909f-84d66edb5edd,hkn oke,5,2025-12-08 10:25:30
05bf890d-ad13-4fc1-a2d2-23ae9bdde751,"Aplikasi paling jelek, karya pemerintah, susah sekali mengubah data pribadi, susah sekali ngecek sesuatu tanpa aplikasi ngecrash dan kembali ke menu awal, ini kayak buatan anak magang sekolah.",1,2025-12-08 10:08:28
c87c1df8-410a-4062-9757-727d244b0bc9,bagus,5,2025-12-08 10:02:46
42c23000-a33d-4b2f-b709-0e7de8749fac,bagus,5,2025-12-08 09:57:43
15837243-8986-4658-8b01-a602af452944,support sistem banget nihh,5,2025-12-08 08:22:23
16d19562-06de-4b39-adac-d47caab49b29,bagus,5,2025-12-07 21:24:22
e14f2a28-8d22-44e9-a929-c5a0a429647c,"banyak bug, stress",1,2025-12-07 19:20:04
92a0c18b-415e-4038-b5e8-2d1c8815de7f,Bagus,5,2025-12-07 17:04:34
7303b22a-f280-45ab-b005-1e1d1b3303a7,bermanfaat,5,2025-12-07 16:19:03
38918dd7-a769-4074-9356-5015c5d7fd34,apk nya aneh masak nik nya GK bisa di rubah tolong di perbaiki LG apknya🙏,2,2025-12-07 16:16:20
1e63f045-a768-48e0-a951-fd8d3ea0a4ba,ok,5,2025-12-07 15:54:38
b24f367e-cd9c-4b45-97df-d6f85a80c357,bagus,5,2025-12-07 15:29:30
777902e4-2f1b-4e18-9413-798b6c7d4d96,sangat mudah,5,2025-12-07 15:28:57
8672d41c-7557-4fc9-9c9d-c6d09ee9ea6b,dapet voucher boss,5,2025-12-07 15:20:33
86d56c70-f017-4119-981b-890aca37245b,ga bisa masuk udh hpir 1thn,1,2025-12-07 15:18:37
c8ddb766-3857-49ee-80b2-7103b2f3f2d6,keren dan top,5,2025-12-07 15:03:08
c4754f92-e1c4-4dc5-ba72-300385d62091,keren,5,2025-12-07 14:56:29
15c5f6b4-775b-41a8-bef5-061eaaa65689,keren permainannya,5,2025-12-07 14:55:40
8d9006fc-9737-44df-84ad-bdb45b41a3d7,sangat bermanfaat,5,2025-12-07 14:43:51
c956f286-ccdb-4058-875a-05039bf5623a,lebih mudah dan keren,5,2025-12-07 14:41:34
91257e89-27aa-4b87-9092-cef96c182d12,mantap,5,2025-12-07 14:23:28
99d9ce75-6f20-4c23-bff4-e457eff5fc1a,bagus,5,2025-12-07 14:16:45
3122d3ef-d930-43e9-818e-5e7b7f771276,keren,5,2025-12-07 14:16:26
90f610bc-7a34-4ea8-a0c6-e3aaf244c094,terbaik inovatif,5,2025-12-07 13:51:11
f0ce337b-1794-4f41-b8c7-90706c2cc846,baik,5,2025-12-07 13:46:16
41fa3b60-27d8-4697-a88a-7f1e8d705749,sangat membantu dan menarik aplikasinya,5,2025-12-07 13:38:09
0c6b0a61-6832-46eb-a6b1-8362674c81a7,mantap,5,2025-12-07 13:35:59
20ffb5e4-70e6-4fc6-9dc8-91bfa55664ef,aplikasi yang berguna,5,2025-12-07 13:34:16
a75f55b9-00cf-4526-b145-30f0e9104c06,app bermanfaat 👍🏻,5,2025-12-07 13:24:53
9e1cf4f3-effa-4f99-82e3-b994e69c2972,mantap baguss,5,2025-12-07 13:24:26
f7bfdcc5-fee8-4833-ab71-f8b94d60aeea,mantap,5,2025-12-07 13:20:15
99951699-1f3b-471b-af5b-a6007afe52d9,pelayanan sangat memuaskan,5,2025-12-07 13:17:09
68f5a649-dc64-4e50-9bcc-6bbef7fad42a,aplilasi baik mnatap,5,2025-12-07 12:59:55
3b9870e9-44e0-4ff5-b367-2ac2b45bf825,aplikasi satu sehat memudahkan,5,2025-12-07 12:40:00
f5a37bb1-3b4f-4f52-b5ed-41eb485ac33c,semoga sehatt semua kita.....😃,5,2025-12-07 12:39:19
c2226828-389b-40cb-9277-d7a9c6c2b2ca,semoga sehat,5,2025-12-07 12:38:42
8c41b251-4218-464a-a9d8-03dbe9ec421f,aplikasi nya sangat membantu,5,2025-12-07 12:15:42
6ed157db-02d1-4b57-84f0-96d319e723ad,aplikasi bermanfaat,5,2025-12-07 12:14:11
f289af30-a482-4b91-9196-c6f429ed4ae0,slalu sukses,5,2025-12-07 12:13:01
939a16b9-5a86-4718-a9c9-6abfdb7fe60c,ok,5,2025-12-07 11:39:12
cd34d4b8-9540-4f83-9f9b-b6226627edfd,ok,5,2025-12-07 11:36:48
b290059d-d434-4c98-b092-6929fe26f7a7,sangattt bagusss,5,2025-12-07 11:31:40
cf8b9aa9-eec1-4ce5-bb37-64076b82a316,sukses selalu,5,2025-12-07 11:04:54
54adf84e-01bb-4ddc-99c6-a68f45a545c3,mantap,5,2025-12-07 11:03:21
89964b3e-6b80-4887-bf54-2f742f09692f,sehat untuk semua,5,2025-12-07 11:00:47
9abde686-2640-49d2-83f3-305ba1867fd5,keren,5,2025-12-07 10:50:45
cc0d4535-7feb-482d-937c-b7f70ef37b7e,kerenn bermanfaat,5,2025-12-07 10:39:39
fbeee2ec-9a2a-45b9-aa9e-4526e5835cb3,mantap kereeen,5,2025-12-07 10:31:44
0a8f8a93-5269-44be-88e1-7124456aeb52,sehat selalu,5,2025-12-07 10:29:17
ede5cfa6-11b2-4dad-bd72-3f9bca4c8fab,"Aplikasi nya banyak fitur, UI nya bagus",5,2025-12-07 10:27:55
155be2f9-598a-4bac-85a5-55e011221238,mantaap,5,2025-12-07 10:19:06
4af2a10e-db8f-4567-81c1-85947e980db4,"sudah lama donlot, memang sangat bermanfaat utk kesehatan saya",5,2025-12-07 10:12:55
9d35b1ff-34d4-4c18-b555-d525749fbab6,sangat membantu kehidupan,5,2025-12-07 10:09:34
b5c64cd1-ab22-4cae-a945-57f3ee0f8763,mantap,5,2025-12-07 10:05:55
cdbeff84-7874-4c0b-a23e-7f793b3b290c,mantap pelayanannya,5,2025-12-07 10:04:27
f5e6d82f-cd01-4878-a65c-e16dcd98eb4d,bagus aplikasinya,5,2025-12-07 09:59:37
6023d618-6087-4e85-89f0-a20d145f5f80,"bermanfaat sekali, aplikasi berjalan baik",5,2025-12-07 09:55:21
3a1a744d-1526-4955-853f-950bf75b8a12,lumayan,5,2025-12-07 09:54:49
5a927f39-5df9-4fcc-9fae-9fff296785fd,ok banget,5,2025-12-07 09:51:11
b2c0e471-22ee-407d-a390-165162473d06,Sudah banyak kemajuan di aplikasi ini dan terus dipertahankan serta dikembangkan lebih lanjut agar lebih menarik,5,2025-12-07 03:24:20
874b0629-118d-4b07-8bfd-3c1d37e717ac,"Tidak bisa log in, pin tidak valid padahal udah diganti dg yg baru ttep tidak valid",3,2025-12-06 19:41:04
5be62f3f-4346-49ea-975d-0788073d75af,"aplikasi rusak, udah bikin akun trs pas masuk malah tidak valid padahal udah jelas banget pin bener rusak rusak",1,2025-12-06 18:12:17
e5aab20e-9516-4d79-81ff-23fd14351c94,"Aplikasinya di cari gak ada di menu aplikasi di hp kayak hantu dan suka berjalan sendiri di belakang layar kayak mata-mata, harus ceknya lewat setingan langsung aplikasi manajer baru ketemu dan sekarang saya uninstal karena udah gak jelas aplikasinya dan membahayakan privasi menurut saya.",1,2025-12-06 18:07:40
c2658469-6a32-4e13-9453-e75615001add,"CKG udah sebulan lebih, hasilnya blm muncul jg d aplikasi. kayak gak guna bgt",1,2025-12-06 18:06:13
a9f1f0c8-b864-473e-9585-80baa5fb1641,"dulu akun saya daftar, skrng login malah jadi nama mamak saya aja, dulu data semua anggota masuk, sekarang cuman data mamak saya, jelas-jelas juga saya yg daftar, aneh banget diupdate bukannya malah bagus malah makin jelek",1,2025-12-05 21:56:35
0db20815-7b9d-4988-9bb7-4a05c6225c5d,kok tidak bisa dibuka sih. ini sudah di lupakan kah??? kalo mau update jangan lupa akunnya di sinkron dengan mobile jkn. kan satu email satu ayok jlcoba dihubungkan sebatas web atau mengarah ke satu sehat boleh. INI APLIKASINYA TIDAK BSA D BUKA. POPUP APLIKASI TERHENTI.,1,2025-12-05 11:31:30
157f493e-7d94-4f0d-ab6e-21754bb855d7,setelah diupdate. setiap dibuka force close. padahal audah sudah instal ulang.,1,2025-12-04 22:09:58
def5b783-7598-47dc-aa43-62a3f6ffa320,awesome,5,2025-12-04 22:05:39
3e8d1925-dfdb-4c08-9e7c-c1c1c2dd3f95,"bagaimana cara login dengan beda no hp tp masih email yang sama?sudah di coba berkali2 login dengan email tetap tidak bisa masuk,mohon bantuannya",2,2025-12-04 19:33:09
4472b73b-f9ae-4a0b-be7c-01b80917cf2b,"niat bikin aplikasi ga sih, ngirim kode verif aja lama nya minta ampun",1,2025-12-04 15:20:38
f65a0079-d5a9-448c-a471-8249d46741c9,PIN sudah benar tapi permintaan anda tidak valid. Maksudnya apa setelah diupdate kok jadi error apknya,1,2025-12-04 11:48:05
a9467893-4305-4527-a44e-cffc36bb91ff,tgl yg dipilih tnyta puskemasnya gak melayanin cek kesehatan mau reschedule malah ga bsa.,1,2025-12-04 08:40:45
84afdb7b-20d7-44d4-b59a-df81b91e54f2,"Aplikasi error niih kode OTP nya benar dibilang salah, jadi bingung. Trus ganti kirim ke no wa gak bisa diklik jadi 6 kotak kode OTPnya gak bisa diisi",1,2025-12-03 18:49:04
89d06cc4-0603-4ae2-b634-dda6d15ab293,"sulit untuk masuk ke aplikasi,,,",1,2025-12-03 16:58:11
cf0d9f8f-8f7d-42c5-a1bc-3eae51d4bada,"Saya tidak merasa mendaftarkan diri saya untuk Ngecheck kesehatan saya, dan tepat hari ini 03/12/2025 pagi menjelang siang saya mendapatkan pesan dari kemenkes bahwa saya akan di check dihari ini, padahal saya tidak mendaftar sama sekali, kemudian saya download aplikasi satusehat, dan Ngecheck tiket dan disitu tidak ada tiketnya, kemudian saya mengecheck di hasil pemeriksaan ada hasilnya, padahal belum ada ke puskesmas yang ditujui di hasil tersebut, kenapa bisa kesehatan saya sudah ter check?",1,2025-12-03 13:22:00
66aab07c-9542-401a-bac9-9055afd3619c,pin udah bener gabisa masuk,1,2025-12-03 11:04:17
7810d8f8-d361-4a01-87e2-d75c585699e3,"mau cek tiket pemeriksaan, pas verifikasi data diri malah gk bisa milih jenjang kelas, giliran bisa malah asal sekolah nya yang gk bisa dipilih",1,2025-12-03 10:11:09
1786adc7-7a2c-426c-8082-e6e91cffedfd,"parah abis,, gagal login terus.. dibilangnya permintaan kami gak valid,, padahal aplikasinya yang gak jelas.. kocak..",1,2025-12-03 04:34:50
9d217018-5e4b-44bc-9456-a241992b2e09,"sumpah Ini Aplikasi pemerintah, Jelek nya minta Ampun Susah bgt Di akses ribet rumit, Ini aplikasi Untuk warga tapi kenapa butut bgt bgini sih, Ngisi data aja ribet banget. harus masukin semua satu persatu data keluarga GK ada sinkronisasi dari satu Nik untuk ngebaca data keluarga... ampun dahh mending GK usah bikin² aplikasi Ribet bgini gagal Total ini saya di arahkan puskesmas untuk ambil sertifikat imunisasi anak di aplikasi ini. kesel nya ke ubun²",1,2025-12-02 21:57:38
5f2cba51-cdf4-491d-acd3-9106759a8976,tolong kasih yang terbaik ya bang,5,2025-12-02 21:53:08
b8b69eff-1923-475a-a6b2-6ce0dd051064,sangat membantu trima kasih 🙏🙏🙏,5,2025-12-02 20:06:01
17d50574-fb8a-481e-8d45-99eafb209b04,"parah, daftar otomatis shoot KTP, jadi nya malah beda",1,2025-12-02 09:57:42
7a1c777d-3480-4ac1-ae56-cfd19ab91501,setelah install ulang kenapa tdk bisa masuk... - udah reset PIN tetep TDK bisa masuk... - lewai IKD jg TDK bisa masuk,2,2025-12-02 09:16:20
752e043c-98eb-4a34-99ba-3872d9a1822f,"aplikasinya ngga works. dikasih pin yang benar ngga nampilin page berikutnya. lagian dikasih pin yang salah ngerespon ""PIN BELUM SESUAI""",2,2025-12-02 07:17:44
8e8d4626-e50a-47c3-a20a-c7cce7851942,"Aplikasi aneh..sudah masukkan psw bener masih salah aja, masukkan no HP tidak valid. malas nerusin..",2,2025-12-02 03:44:20
312ac16d-849e-4e4b-acdb-ed0f9aa227c8,"Kode OTP muncul tapi gaada tempat buat ngetik kodenya di Tampilan layar, Gajelas bgt",1,2025-12-01 23:14:48
0643ae10-58bf-49e2-930a-31e05ea41577,"Apk sedang bermasalah, tidak bisa di akses 1 Des 2025. 6 bulan lalu masih oke aja tapi sekarang parahhh",2,2025-12-01 18:24:34
417b632d-c220-4784-8109-f1abea8dfb81,sangat baik,5,2025-12-01 15:11:29
ea529001-ae38-4533-8b81-7917c9da504c,kenapa sertifikat vaksin saya gabisa diunduh ya?,4,2025-12-01 13:51:21
07623252-4999-4951-a442-8e2beb9fc2df,aplikasinya sangat bagus,3,2025-12-01 12:30:42
03bd9a12-a90e-43fc-ad8d-ed65faa02d08,aplkasi pemerintah aneh terus gapernah ada yg bagus,1,2025-12-01 08:57:18
53d5b37b-283f-439a-88fe-f48c0cf79e47,mau masuk aja susah,1,2025-11-30 21:13:14
3fe0a270-b870-473a-a27d-d60a4144d9fa,"tolong diperbaiki masa mau login aja susah bngt, sudah 15 kali coba belum bisa juga. padahal kode verifikasi sudah masuk email. payahhhhhh",1,2025-11-30 18:49:13
558c1a43-722d-4164-96d1-22ea70cbde0a,aplikasinya ga bisa dibuka pas masukin pin stuck terus disitu,1,2025-11-30 17:29:37
80ed2185-1348-4faa-ab9f-1b8f6785cd66,"aneh hari ini tanggal 29 november 2025 ada washapp dari kemenkes RI,bahwa anak saya melakukan pemeriksaan di Tebet. padahal anak saya sedang sama saya,dan tidak melakukan pemeriksaan,tiba tiba terdaftar dan melakukan pemeriksaan. apakah ada yang coba input data lewat bpjs kesehatan anak saya?",1,2025-11-29 21:22:42
537a95e0-2035-4e64-bf7b-866304e99ae3,aplikasi tidak sehat,1,2025-11-29 18:15:13
379ef18b-32f8-43ae-8e1c-0aaa4250d12d,"Kenapa Data tidak tersinkron otomatis dengan BPJS Kesehatan.? Padahal NIK, Alamat, No Telepon, Email sudah sama.",4,2025-11-29 17:08:15
5354ba66-c8de-4b84-a391-f667ff67329f,"aplikasi agak aneh, booking skrining gratis tetapi pas hari H lupa hadir.. dan di menu hasil skrining malah keluar data kesehatannya... dan ada resumenya saya, pertanyaannya itu resume siapa yg isi? ngasal gitu? jelas jelas saya gak datang ke faskesnya dan mungkin gak valid hasilnya itu ngasal.. hmm kok gitu yaa padahal menyakut data kesehatan seseorang, semoga lebih hati-hati dan teliti.",1,2025-11-29 16:57:31
427dede6-64cd-4ee4-b69c-4aaf3a98214b,aplikasi bermasalah tidak bisa login,1,2025-11-29 16:45:19
6d0feced-4b82-41e8-8344-ced9d2e5c456,"aplikasi gak jelas, input data pilihan kota sesuai alamat kok tidak ada. di Bali kabupaten kota nya termasuk Denpasar tapi gak ada di pilihan, trus gimana bisa input data???",1,2025-11-29 16:44:34
816b406a-c495-4cb0-8401-6afdb4b1f07b,Lumayan berfungsi tuk kesehatan,4,2025-11-29 15:36:09
48df56d4-8b0c-46f6-9cd3-a2e3d82e432f,aneh nggak bisa login udah reset pin masih belum bisa juga,1,2025-11-29 10:41:44
a6ac9be0-dfa1-4e44-96b8-846d1240af1c,"Hasil cek kesehatan dikirim tapi ribet, jadinya tidak ada hasil karena mau dibuka bertele tele .",1,2025-11-29 09:29:48
bf7284ff-588f-4582-b339-ab2b2bf11bc5,"mau masuk aplikasi ga bisa""knpa ya",2,2025-11-29 08:00:58
cce6c16c-f322-43e3-a448-8e17c0db1c21,Apk sampah. Ini pengaduan nya gmna. Sedangkan waktu daftar pake nomer Hp sedangkan Nomer hpnya sudah nggk aktif lagi. Di lupa akun tetep aja verifikasi otp ke nomer hp. Call centernya juga nggk ada !,1,2025-11-28 20:32:11
9eacf915-ad5e-4482-aebc-8eaa69834f95,"aplikasi sampah masak data vaksin booster 1 dan 2 nggak ada, padahal udah pernah vaksin booster",1,2025-11-28 17:39:10
10cd1424-c993-4626-a4a7-879ec304ff3d,gabisa login aneh,1,2025-11-28 16:23:06
925253e2-13ce-4bd2-be4a-b9a70ecfed66,sudah di kirim kode otp tapi kolom untuk input kode otp gak muncul aneh😭 mau dipake apa kode otpnya??,1,2025-11-28 15:45:59
b990bfe3-923f-4f3d-ba6d-c4a4d1ab3a73,aplikasi nya waa banget buat saya ter waw waw😮😮😮😮,5,2025-11-28 13:48:39
25407bb6-54be-473b-8c70-88c6cdbcd59a,"Tidak bisa log in, dan verifikasi tidak valid terus",1,2025-11-28 10:00:49
5de1ebb9-b8a4-44dc-a0b2-7f6982e3e70a,bagus sangat membantu sekali dlm menjaga hidup sehat d hari tua,5,2025-11-28 04:22:56
8cfd42a5-3e30-4531-ae99-9c467059cc44,kereen,5,2025-11-27 20:39:36
42750024-0d21-48ea-bcaf-b226afd09380,"terlalu lama Apk nya, Utk verifikasi nya juga tidak jelas.. Tolong Apk nya di bagus kan & di permudah lagi & tidak lemot",4,2025-11-27 19:14:22
ca3bdaa9-9cb0-453c-89a1-fe4621f11d4c,sangat membantu,5,2025-11-27 18:04:47
a4836680-38f0-4804-ae64-3454cb49f417,"capet bgt pake aplikasi ini, sebelumnya bisa di pake setelah di update ga bisa dipake, masuk melalui email atau no. hp yg terdaftar tetap tidak bisa. Tolong tim pengembang aplikasi ini, yuk bisa yuk buat aplikasi yg lebih mudah untuk login",1,2025-11-27 16:35:34
a4730fd5-76c4-41e4-ab63-cc6820c573a6,bagus,5,2025-11-27 16:06:36
ee6867ac-355f-4511-aadb-e8b24c57c454,"sangat membantu masyarakat, Semora sukses",5,2025-11-27 12:57:24
b41d6e41-4e82-4e55-a0e2-60fa92dfaebb,mau login kok gagal terus udah pake cara login ikd juga gagal pake no telp gagal pake email gagal,1,2025-11-27 12:19:05
5b52ef6c-b15e-41c1-bb0f-94e6c3d90be1,bagaimana bisa saya tidak daftar pakai nomor saya bisa tercantum nama orang lain dinomor wa saya... aplikasi pemerintah gad yang bener....dana buat aplikasi ratusan juta anggarannya tapi kualitas kaya aplikasi anak2 yang belajar coding... buang2 uang hanya demi keliatan kerja...,1,2025-11-27 11:44:30
2ae7d490-e0c2-4c00-a0e9-4e9ec3f146ae,"alhamdulillah saya sangat apresiasi adanya program cek kesehatan gratis,sangat bermanfaat buat semua warga indonesia..untuk pelayanan di puskes duser juga top markotop sangat""ramah dr mulai pendaftaran,lab,doker,dan perawatnya baik""semua..smoga makin sukses unk puskesmas duren seribu👍👍👍👍👍👍🥰🥰🥰🥰",5,2025-11-27 10:39:13
b3a4da17-28d8-436f-bae8-beb986f54aa5,ok,5,2025-11-27 09:15:07
2e729d5b-720d-4866-b0f4-8f76f1c6b41c,good,5,2025-11-27 08:17:19
d72b1fd1-97a2-44f0-ba40-e9ae5f5777c0,"hadehhhhhh, aplikasi buruk gini masih aja dipake, pemrogramer magang disuruh bikin apk ya gini mines semua, dri dlu udah eror sekarang makin eror aja hadehhhhhh",1,2025-11-27 08:12:29
e1ade98a-b44e-4b49-a498-0671f22ec573,ngebug aplikasi ini,1,2025-11-27 07:44:10
40db7aa7-810f-426f-8e10-1b3e13c4f0bb,bagus❤,5,2025-11-27 07:24:15
bd7b23fa-e779-4811-aaae-2defa326feef,bagus,5,2025-11-27 05:18:05
abe86c10-64bc-437e-8a57-fc59360b9ac4,gak bisa di download,1,2025-11-26 14:08:29
c871b605-73cf-42c1-a5ce-7d3cdb685ea1,mohon dipermudah untuk membuka aplikasi satu sehat,5,2025-11-26 09:56:48
5428710c-7d17-46af-a0c7-e849247c4a98,"Ya kita update dulu jadi bintang 1, tolong untuk bagian tambah profil, lalu alamat domisili pilihan provisinsinya ndak bisa di akses, tolong segera dibenahi",1,2025-11-26 09:43:15
d14b64d2-d218-4489-9d58-4a7e67442e0f,"SEPERTI NYA PERMINTAAN ANDA TIDAK VALID, YANG PUNYA APLIKASI BENERIN LAGI DONG , BUKAN NYA MAKIN BAGUS, INI MALAH MAKIN BIKIN EROR",1,2025-11-26 06:52:57
188347b9-ffd9-4029-9add-fe7a191d7ef9,kenapa tidak bisa diunduh sertifikat vaksinasi 1 dan 2 sebelumnya juga bisa ini kok tidak bisa,1,2025-11-26 05:42:05
79626c88-a99e-43e8-81a4-10864144d112,Gimana caranya masuk kalau ingat kata sandi malah disuruh ganti sandi karena alasan sandi sudah usang/suruh ganti sandi baru dan sedangkan nomer HP sudah ganti gimana cara dapet kode verifikasinya kalau nomor HP saja sudah diganti ?,1,2025-11-26 05:12:54
c29a25be-2e7a-493a-9111-16fae1146b33,kurang puas dengan aplikasi ini hanya stak di pengisian pin,1,2025-11-25 14:53:46
8a47c780-a36c-453a-ba48-c341298a5815,"hasil CKG belum keluar hampir sebulan. buka applikasinya tapi selalu forced close, ga bisa dibuka. ini maksudnya gmn ya?",3,2025-11-25 14:41:26
dd9797c0-a18d-4c4f-87bf-66a0c8fcbbaf,"Aplikasinya ga banget dah. Kemenkes bisa ga hire org IT yg kompeten?? anggarannya dipake buat bayar yg jago. aplikasi sering error. minta email, dikasih email bilangnya salah no. apaan sih kalian ini????",1,2025-11-25 13:44:06
688d922c-75ab-41cc-8347-6d7aefc43cf1,"Susah Loginnya, suruh hubungi helpdesk tapi bikin bingung dialihkan link lain lagi",1,2025-11-25 13:16:05
db5e0c94-2077-44a0-b2bd-f1cb53af59e7,aplikasi bodoh tidak guna sulit login,1,2025-11-25 12:15:36
24709463-8dcb-458c-92e6-336565636099,sangat membantu dan informatif..semoga ditingkatkan dalam pelayanan publik untuk kemajuan bangsa dan negara kita,5,2025-11-25 11:30:22
26e5aff9-1515-4a83-a749-2b655c3ea9c9,aplikasi BUSUK. SISTEM SAKIT,1,2025-11-25 09:59:26
b0778536-f63e-49eb-bbc1-1962da24a075,"saya masukin pin tidak bisa, ganti pin tetap tidak bisa. tolong benerin dulu baru launching update",1,2025-11-25 09:09:45
ee4a76c2-0c39-4901-89c8-c413fb35a758,sangat bermanfaat dan membantu,5,2025-11-25 07:34:24
5fa1d315-4900-43d9-b66b-552103b0ec99,"udah pernah daftar dan mau login lgi tpi lupa password, trs mnta kode melalui email atau no hp, udh dimasukkan kodenya malah gak valid dan juga udah nyoba masuk pake identitas kependudukan dsana katanya belum masuk tapi malah nge stuck di pilih tema, harap diperbaiki lagi apk nya...",1,2025-11-24 12:17:46
d8feb05f-baf6-4eff-bccb-7fe116b0026d,"udh suntik vaksin tapi status belum vaksin, blokkkk",1,2025-11-24 10:18:39
2851e853-661c-4e60-97be-0eb427e6efc1,ngk bisa buka menu ....muter muter terus ngk jelas ini aplikasi masih bisa apa ngk ..,1,2025-11-23 20:32:31
1780f1fb-c741-4acc-b48a-796ab8134bb1,"Ketika tambah anggota profil, tidak bisa mengklik jenjang sekolah. tolong diperbaiki lebih baik lagi. karena mencoba terus tidak berhasil, gagal terus",2,2025-11-23 20:30:12
8102fb27-c406-4a01-9eef-245e747654c6,"Produk gagal, stuck di suruh pilih tema. apa sih pentingnya tema hadeh",1,2025-11-23 19:39:49
1e1f92fc-af20-47f4-a836-95587fc93567,aplikasi bobrok. disuruh masukin OTP salah mulu tidak valid padahal nomor OTP nya udah bener. jadinya gk bisa log in,2,2025-11-23 19:17:11
5417b437-4e09-477c-95e0-f9c47c6f9e68,"resume medisnya nggak update, untuk verifikasi juga susahnya minta ampun, beberapa faskes malah nggak tau apa itu KYC satu sehat",1,2025-11-23 01:57:25
ea481b60-13c9-4c00-b57f-d33f1f21d6b2,good,5,2025-11-22 22:54:33
61139f75-121f-4cc5-9384-23d623671a55,aneh,1,2025-11-22 21:31:30
67ffc672-4336-40d7-8395-dfe9e3a23c6d,terima kasih SATUSEHAT Mobile,5,2025-11-22 20:30:54
e66fe53d-e702-48b0-842a-a53a19f80351,"Verifikasi akun harus datang ke faskes, sungguh sangat praktis",2,2025-11-22 09:06:26
793bef62-c814-4b3e-b08e-e1cb05f2fab9,pin benar tapi tetap tidak bisa masuk akun satu sehat,1,2025-11-22 08:50:28
700d4c90-8c20-4440-a824-fbfefa117c0f,aneh bangt ya nih aplikasi sandi ny udah bener malah invalid Mulu😭,1,2025-11-22 01:34:58
25163db2-3a8d-466a-8c5c-43d87d3f1919,"aplikasi apaan sih, tidak bisa masuk, pin sandi tidak bisa digunakan",1,2025-11-21 21:46:24
f44b7c73-0023-4543-827c-e7b318b473c9,"gabisa buat login ikd, info salah mulu pdhl uda bener, programmernya gajinya berapa sih?",1,2025-11-21 21:06:19
f416ee22-6597-48c4-bcc6-bb0121d61e8a,"hai kak, ini aplikasi nya kok tiap buka gk bisa terus salah pin mulu, pin nya itu pin apa ya",1,2025-11-21 20:34:37
7d86c582-1b6f-4507-8bcd-97f5260d5f4d,"in aplikasi nya gimana sih sudah pembaharuan kok sekali masuk salah dan tidk terdaftar katanya maksdnya apa??? tolong deh yg bener"" dikit klo kerja... masa ia aplikasi yg jaga data warga negaranya seburuk ini, masak kalah sama apl mobil legend",1,2025-11-21 20:08:23
da89582d-2b4b-412f-ad04-65344ac791d7,"sertifikat vaksinku gabisa kebuka ataupun kedownload, padahal udah laporan lewat email. jadi susah mau daftar kerja, Kebanyakan harus pake sertifikat :(",1,2025-11-21 18:19:11
961132bc-1cf8-4e16-bfa0-2e1283f029df,aneh bolak balik isi data setelah verifikasi tidak valid..,2,2025-11-21 10:09:07
01f74012-e6e4-47b6-a96a-e79dc85b83c6,"Bisa kan, setelah pembaharuan tidak perlu login ulang.",1,2025-11-21 09:48:11
efb14345-6c3d-455c-aeff-1e576b246d3b,"aplikasi gak jelas, login udah bener semua udh bener permintaan tidak valid terus",1,2025-11-21 08:46:41
225f1379-a2f2-4044-a893-0da253059c8d,udah sebulan lebih ckg tapi hasilnya blm masuk di aplikasi hadeuuhhh lelet bgt,3,2025-11-21 08:34:34
195ef870-19f0-4b16-b7ac-361e7c4d5b46,menu ckg nua nggak muncul,1,2025-11-20 21:56:37
7b1fb50b-5b9d-4c76-9de2-a6344a96985d,"bapuk banget aplikasinya, mau ubah sandi aja yg muncul ""terjadi gangguan. silahkan hubungi helpdesk""😒",1,2025-11-20 13:44:27
5f996f69-c47e-4dab-877e-e14fb65162dd,Tidak mau masuk dong tolong padahal udah keluar nomor untuk cek kesehatan,3,2025-11-20 10:37:44
2198f813-ecc4-47de-8164-cff39e364953,"pengisian identitas, tidak bisa di simpan, tolong di perbaiki",2,2025-11-20 10:25:18
8d4c2ce7-df78-4e37-9548-8d183efe1a73,"setelah update tidak bisa login lagi, sudah coba ganti pin tetap error gimana ini? tolong segera perbaiki!",1,2025-11-20 07:13:55
c9f3cfca-160d-4476-8231-317e1f77dedb,"udah coba daftar lewat aplikasi tapi puskesmas katanya belum tau ada program ini,belum bisa CKG karena ga ada alat alatnya,udah aduan langsung ke pelayanan cepat, tapi telponnya main dimatiin gitu aja padahal ga kedenger CS ngomong apa",1,2025-11-20 05:59:31
31c40ff8-d67e-4ccd-8018-4a945595df78,"aplikasi busuk, kalo bukan karena butuh ogah download.",1,2025-11-20 05:50:53
b1c00952-29b0-4488-b15e-be7cd810e4e1,excellence aplikasi 👍👍,5,2025-11-20 05:33:47
bc7d6d8b-8397-40de-a97f-65b7e1b85f4a,gabisa dibuka lol. !!! pin2 gak jelas mempersulit,1,2025-11-19 18:37:23
eaedf67f-eb03-45ef-8e7f-d67f720fc88b,bagi saya lebih bagus yang dulu 😑,4,2025-11-19 18:36:15
4c79ffa6-c43e-4ce5-9ebd-ccd73486f15e,"setelah diupdate aplikasi bukan tambah baik malah tambah lemot, untuk masuk dan memilih tema saja tidak bisa padahal sudah berulang kali dicoba, next sebelum update apk dipersiapkan dulu agar tidak mempersulit pengguna",1,2025-11-19 18:21:04
6483bcc4-c051-4733-bf8e-21203efcd1f8,aplikasi Satu Sehat Mobil sangat membantu untuk mengontrol kesehatan tubuh kita,5,2025-11-19 18:03:51
50f9e515-df51-4db4-9bc6-3d9e98e1e36c,akun saya tidak bisa masuk,1,2025-11-19 16:54:32
41a5acb5-8c97-42c2-991c-14a4381b2812,ok,5,2025-11-19 16:50:43
37800bb7-0cee-43e8-b199-9f2e5f82db33,"mudah mudahan dengan aplikasi SATUSEHAT ini semua kegiatan dipermudah, semakin canggih buat SATUSEHAT mobile.",5,2025-11-19 16:20:53
cd489e58-8a22-4e4b-b17c-fac8a51f0c75,good,5,2025-11-19 15:03:29
65a0976d-8ca1-46d0-ad00-800ac8d98d27,salah isi skrining mandiri tpi gk bisa di ubah aneh bgt seharusnya mah bisa di ubah. apk jelek bgt lagi,1,2025-11-19 14:45:41
d93b2d52-6f95-4776-9926-ab736ac08ae6,saya belum CEK KESEHATAN GRATIS (Program kerja presiden Prabowo dan wakil presiden Gibran). tapi mengapa di aplikaai SATUSEHAT Mobile sudah ada Rapor hasil CEK KESEHATAN GRATIS??? siapa yang melakukannya? saya belum mendatangi ke fasilitas kesehatan untuk CKG tersebut kok,1,2025-11-19 14:41:44
27700e71-e272-4e4a-b122-ada719ac1f4c,tolong lebih stabil aplikasinya buat nambah personal aja susah udah masukin ga ada update nya,3,2025-11-19 14:14:38
556a797e-1efc-4efd-9797-222d2072f14f,"ini aplikasi kenapa sih? saya daftar pake no telp, eh pas login pake telepon malah ga bisa, malah masuk pake e-mail. giliran saya login, suruh masukin pin, lah pin-nya aja blm dibuat masa udah disuruh masukin pin? saya pencet buat pin ulang, pas udah masukin kode verif malah gangguan mulu. saya udah kirim verifikasi ke e-mail sampe 8 kali lho. tolong diperbaiki ya 🫩",1,2025-11-19 12:59:50
56a71f25-74a1-475f-8320-10661806b86e,"program ngawur, dtg ke tempat malah mahasiswanya yg di cek, di suruh ksana buat formalitas aja, buang2 waktu",1,2025-11-19 12:22:59
a88b4710-d80d-43a2-88f8-6bf65c659ac7,"November, N- nya apa? NOH APLIKASI LU TUH ERROR. Tolong dong aplikasinya pemerentah urusin. aplikasi kesehatan publik gini ada error-errornya, errornya parah banget lagi bukan ""bug"" tapi nge-crash njiiiieer. Update notes lu gaul, tapi update aplikasi lu ampas. November, N- nya apa? NGLEMBUR LAGI SANA PERBAIKI APLIKASINYA",5,2025-11-19 11:13:06
c2cfdcff-6f5b-44ba-b1ff-2a8fd4b28c6e,pengisian data kecamatan PONDOK GEDE tidak ada dalam pilihan. mohon perbaiki segera,1,2025-11-19 10:20:00
84996411-55a9-41a0-a551-f90bec9f9c88,habis update malah gak bisa login terus malah dibilang salah password,1,2025-11-19 09:32:01
8b41ab5d-7111-4ddc-9861-ab16ee800df6,masuk aplikasi susah. mending aku hapus aja,1,2025-11-19 06:27:52
2848e160-a874-48b5-898f-d47cec96d3b8,"semakin di update,cuma ganti logo aja tp sekarang jd g bisa login..semua cara udah di tempuh,tetep aja g bisa login...kok kayak app abal2,sama sekali g ada perbaikan",2,2025-11-19 04:53:38
1a0239ad-cf68-4105-865c-1ab12dcfa360,Aplikasi Yang Sangat Bagus Untuk Kesehatan.,5,2025-11-19 04:12:36
3a2eec3c-912e-4df3-b651-52c5520c527f,sangat baik sekali,5,2025-11-19 01:09:28
bc398fa8-0a26-4f1c-b88a-2aca40dc786f,Aplikasi yang aneh. Kode dikirim ke WA tapi pas diinput katanya tidak valid. Dicoba beberapa kali sama saja dengan kode yang berbeda. Programmernya ngaco. Suruh benerin dulu aplikasinya baru launching,1,2025-11-18 23:56:14
9baaf2c9-e371-4315-8df7-f3a2de3cb461,AGAK LAIN WOIIII PERBAIKIII,1,2025-11-18 22:36:46
e0137a56-08a5-46e6-8ae8-740750e74422,"semoga makin merakyat, Rakyat sehat seutuhnya, Pelayanan diatas terbaik.",5,2025-11-18 19:28:52
c947ba62-29eb-4b36-bde9-a7ead611ab16,gak bisa login,1,2025-11-18 19:01:40
16925e29-4d5c-4103-b533-793668fd29b1,tiket ckg emang gabisa di unduh gitu ya?? selalu ada pop up izinkan aplikasi mengakses galeri padahal semua izin sudah di acc,1,2025-11-18 16:04:36
ee12b309-fa8b-4c6c-a8da-43ae1405a8a5,"Sudah di update, g bs login..bolak balik gnt pin sama aja",1,2025-11-18 15:49:48
7a754648-2d16-4e6b-9554-82b7d3acd5b6,tidak bisa loggin menggunakan nomor handphone atau email sudah reset password berulang kalipun tetap tidak bisa loggin,1,2025-11-18 14:47:22
db878012-ee76-4ab5-8e2e-c9ac64e9dabb,ndak bisa login ke aplikasi,5,2025-11-18 14:23:12
e967e734-f488-445c-bb38-cb96d959cee3,"saya lupa Email dulu ,waktu di peduli lindung dan nomer hp juga dah ganti. sekarang saya download satu sehat saya daftar pake no hp dan Email baru tidak bisa bisa. bgmn biar bisa daftar ulang atau log in.",2,2025-11-18 14:06:36
69ba4861-b64d-4634-82b8-ffa8ba4c53ca,aplikasi tolol gabisa login padahal pin udah bener,1,2025-11-18 10:59:16
b28155cd-c720-47b2-ac21-58cd4363692e,aplikasi parah mau login kagak bisa,1,2025-11-18 10:41:45
6fa75acb-9cc8-41b1-9e7b-7fa2e3fc0b44,Sudah Bisa Login dengan IKD setelah update dan clear data aplikasi,5,2025-11-18 10:10:55
46f5bab2-8b30-4847-9be0-77af55e72592,udah Dateng ke puskesmas gak bisa diterima dengan alasan harus daftar di aplikasi sebelah,1,2025-11-18 10:04:33
80cd4365-03e6-413a-84bd-788465704b96,Verry good,5,2025-11-18 09:43:34
95a7dacf-59eb-4900-b789-0ec8d349ea5d,"Setelah update, menu beranda hilang. apa hasil pembaharuan nya menghilangkan tampilan beranda?",1,2025-11-18 08:29:49
a2e36331-9a3d-4ffe-9946-858d79f05f69,"Setelah di update malah gak bisa login, pin salah terus",1,2025-11-17 22:45:21
666201a3-23b3-4c67-b6a5-8f339515764a,"diupdate malah tidak bisa login, tidak bisa reset pin juga, maksudnya apa? moga segera diperbaiki",3,2025-11-17 14:29:10
2540be7c-49aa-4116-8d67-a8b1dd253752,mantul,5,2025-11-17 11:18:15
f2fd2778-ea31-4dd4-9339-41cbe565f758,"apk busuk.. isi biodata malah ada kolom yg ga bisa di klik, sedangkan kolom itu wajib di isi.. gimana mau selesaikan isi biodata nya.. hadeehhhh.....",1,2025-11-16 22:22:36
e54a2cf6-a5b5-4b69-b013-06e5bc9960fd,gud,5,2025-11-16 12:32:44
dc5fdb0a-2b91-41f4-b272-10fefb71c215,g bisa daftar,1,2025-11-16 08:47:13
f25ac39e-236e-4716-8a87-12dad6403351,semenjak tampilan baru malah ga bisa login ..,1,2025-11-15 19:32:06
808d4a4c-5091-4b18-a7bd-489a65ac492d,yg terbaru ini nga bisa login.. lupa pin juga nga bisa.. lupa akun juga nga bisa.. jdi harus bagaimana ini min..,1,2025-11-15 07:45:23
854f085d-8c51-48a4-b275-c67b171e8c98,kenapa sertifikat vaksin ga muncul yah.tolong perbaiki lagi,2,2025-11-14 23:07:46
d6bec9c2-50a5-4863-aaca-26ccd4b9c868,maksa digitalisasi tapi performa appsnya busuk,1,2025-11-14 18:34:37
f3021c59-4076-4dbd-b7d3-98a542e9314f,"padahal Nik tgl lahir di KTP sama KK Sama,,,, tp Kenapa pas daftar tidakbisa krn respon di apk ini tanggal lahir sama nik berbeda ,tolong respon nya ..",2,2025-11-14 17:17:15
7e0c0e8b-b83e-4dcb-bf20-4ba084380f99,Gak bisa login min,1,2025-11-14 13:57:00
c7742745-1f64-40c3-92d1-92c135d4211d,"nunggu login nya kelamaan, aplikasi pemerintah ko begini.masa nunggu login 5 menit g bisa2.akhirnya kluar aja",2,2025-11-13 18:44:30
47c2c00d-25ae-4393-aa29-4907a4f42a53,aplikasi ini sangat membantu untuk menambah pengalaman tentang kesehatan trimakasih,5,2025-11-13 18:33:47
3aa3df9f-b2f1-40b7-8ebb-988bd9d35b15,"Tidak Bisa Login setelah update, padhal sudah reset lupa pin pake 2 email tetep ga biaa login , minta follow up nya , mohon",1,2025-11-13 18:05:34
d324c087-5301-4c99-a5c6-582494d3da22,"halo ini kenapa ya, Saya Masukkan kode verifikasi tidak terus? aneh sekali.",1,2025-11-13 15:41:38
2e9df002-5053-4001-a27e-d184cd8997e2,di profil pemilihan jenjang gak bisa di isi min .. tolong perbaiki ..,3,2025-11-13 11:24:48
398d5ea7-2b33-42b7-9e34-d129ea57c41d,Bagus,5,2025-11-13 00:01:55
99135d3e-61ea-4987-b486-94581f3ca3d1,Email aduan direspon tapi keluhan terkait perbedaan NIK pada aplikasi masih salah dan tidak pernah dibetulkan. Layanan sangat buruk- capek mengadu,1,2025-11-12 19:16:16
e65153a1-033b-4b57-a7de-46aeff17da13,gak bisa login,1,2025-11-12 18:39:49
405ce038-5b8c-4fe3-9f4a-88f9154ee524,"ada cek kesehatan gratis, udah daftar, pas dtg ke puskesmas malah ga ada",1,2025-11-12 17:06:54
0ae87d7e-1e9f-4026-b76a-b2b2e0101243,"aplikasi konyol gak logis udah tau nomer hp yg dulu dah ilang trs hrus verifikasi pke nomer yg dulu?? lawak,udah tau lupa akun gk ada logika nya ini aplikasi",1,2025-11-12 12:25:52
678f205e-305b-4501-8e1a-d7aa89d2a7f7,halo kak saya ada kendala dlu sdh pernah dftr pakai nomer dan email lama nomer hp terdaftar hangus...tdk bs akses sdgkan email tdk bs dibuka..krna harus verif ke no hp yg hangus mw dftr ulang satu sehat..sdh trdftr mhn solusi..sdh email ndak ad respon dtggu kak,2,2025-11-12 08:45:06
57d590bd-ddda-487a-85f7-db0848921933,Aplikasinya makin downgrade aja.. Di download di klik setuju abis itu gak ada fitur lg gak bs di scrol lg.. Udh byk yg vaksin hrs nya makin di upgrade makin bagus ini malah makin downgrade.. Gak pantes di ksh bintang ini mah..,5,2025-11-11 20:17:43
e52a8abe-039b-4f6c-ae17-1c1ac34af42f,terimakasih masalah telah terselesaikan sudah kembali normal maaf,5,2025-11-11 18:51:34
dc4bdeb2-e175-4035-8c05-d4f3e8042497,apakah bisa untuk mengecek surat vaksin?,3,2025-11-11 17:39:00
b93cdd7b-2158-4cfe-85b6-deeaebeda836,"Ampunn sama sekali ga bisa log in....udah berbagai cara di coba, ganti email, ganti nomor, hapus aplikasi download ulang..masih ga bisa log in",1,2025-11-11 15:48:42
13d6168e-7eed-4dcf-9127-7ef33dac9f5f,aplikasinya bagus Menolong Utk mengingatkan Kita Pemeriksaan. good Tks.,5,2025-11-11 11:09:09
15da6fe0-f323-45c8-b0d4-ff3cdac802f5,"Sejak update yang terakhir, tidak bisa login sama sekali. Mau login lewat nomor HP selalu dibilang salah password, tapi gabisa ganti password. Mau login lewat IKD, gabisa login juga.",1,2025-11-11 08:17:18
2acbe54d-2245-4dc1-9d3f-9675569c2086,"apk sering error, bikin bete",1,2025-11-10 20:18:33
7c2df5d7-3e7e-4964-b26c-d60768223e99,Kenpa saya tidak bisa download,1,2025-11-10 18:32:15
84547e5d-4657-42d1-a3c7-4d5528240d93,Selalu gagal verifikasi melalui IKD.,1,2025-11-10 17:31:24
5e31e265-416e-49ac-b05b-27a8689003b9,mau login susah dan sulit ganti akun,1,2025-11-10 17:23:17
3fb6dc7c-f4e2-48a1-a58b-bc42ddcf793f,aplikasi yg sangat bermanfaat,5,2025-11-10 13:39:34
20d7e62e-3add-46b4-8a2f-299d6283e8c7,UI nya bagus UX nya nggak jelas 🗿,1,2025-11-10 13:21:52
8ce9f030-e2cd-46a5-b586-b12453ecb802,Mantab,5,2025-11-10 12:58:49
b94dbbd4-177c-4e6b-86e0-ed357d92cab9,apk ngga jelas pengen login malah error melulu kalau ngga niat bikin apk ngga usah di buat,1,2025-11-10 05:57:35
6b1e958e-73cf-4014-a983-5fad8572c823,disuruh download krn diwajibkan,1,2025-11-09 21:28:11
80d68844-25fd-4d1e-b9ba-01428e70b502,susah verifikasi,2,2025-11-09 20:08:29
e0965496-f309-4f11-8846-30566bdeaa87,"Aplikasi nya sangat membantu, dan alhamdulilah bisa cek kesehatan secara gratis di UPT Puskesmas sesuai domisili",5,2025-11-09 19:03:48
2fe421a7-a7a2-474e-883d-9e83eefb3d41,"mau daftar antrian ajah kaga bisa"" bikin aplikasi kaya kaga niat. bikinan pemerintah tapi kaya anak tk. mau daftar malah diarahin ke ganti jadwal mending hapus ajah aplikasi kaga guna",1,2025-11-09 18:17:01
f1457f7b-890a-4391-ba09-11ee258a56d1,sangat bagus dan penting info kesehatan,5,2025-11-09 17:37:28
81906055-32ad-4b7a-9956-332aeaf32970,"Aplikasi ini sangat bermanfaat karena menghubungkan layanan kesehatan, imunisasi, hasil laboratorium, rekam medis, serta data vaksinasi dalam satu sistem terpadu. Namunharus terus dibenahi : 1. Menambah fitur pengingat imunisasi dan kontrol penyakit kronik (hipertensi, diabetes, dll). 2. Menyediakan menu konsultasi digital singkat dengan tenaga kesehatan terverifikasi. 3. Memperbaiki sinkronisasi data otomatis antar-fasilitas kesehatan dan laboratorium",4,2025-11-09 17:13:55
ad335a61-5757-45b4-9d67-6a01fcb23d4c,sangat membantu,5,2025-11-09 15:05:24
017cfe18-48f7-466f-a0b7-dd01cad7548b,saat ini aplikasinya tidak bisa diakses.,5,2025-11-09 13:47:58
0eb84646-8f38-4d46-8a46-98b9ab2fd25a,"busuk ga bisa dibuka, muter di suruh pilih tema!!",1,2025-11-09 13:12:02
1d1204ea-6f37-4a43-8740-ab1a4c2c4a30,mantap,5,2025-11-09 12:40:27
5708a895-3612-4d75-9907-6908cfde24c7,"tolong untuk ubah no hp jangan konfirmasi ke no hp lama,,karena no hp lama sudah tdk aktif lagi,,mohon dipertimbangkan...",2,2025-11-09 12:27:46
4303c580-f531-4608-9b4e-f72db71b9ea0,"bikin pusing orang, udah ngisi data bener tapi berbelit²",1,2025-11-09 12:25:13
aea35ddf-46a4-4bea-bb83-d82651254751,mohon pencerahannya mau login ulang tapi nomor sama email-nya ngga ke pake lagi tapi kalo mau bikin ulang data yang sebelumnya masih nyangkut alhasil ngga bisa🙏,1,2025-11-09 12:12:04
63f514b4-304a-4c0f-98b7-6b6bd225bff3,tidak bisa verifikasi ke IKD,2,2025-11-09 11:23:46
155424bf-d33e-41f1-84d4-2dac22b9a6fe,baik,4,2025-11-08 22:27:57
8e0079fb-c253-4ff2-b1be-5cd55cae1e2e,dulu pernah daftar tapi kenapa gak bisa d buka aplikasinya,1,2025-11-08 22:09:08
484c20d5-54c4-4f88-bcad-ba0c0e3d8b6c,salam sehat selalu,5,2025-11-08 19:06:35
7c0a89e7-dd49-413d-8f9a-61f769d53c84,tidak bisa login via email atau no ponsel... verifikasi pin salah terus...,1,2025-11-08 19:05:10
ccc21b8b-7677-40da-86a5-4b42d1be25b8,Notifikasi tidak berdasarkan lokasi. informasi di CFD Jakarta pun masuk ke Banda Aceh.,3,2025-11-08 18:53:38
1ba46849-1903-46e0-80ff-c4a3c331baa5,"di ktp aku perempuan tp pas mau daftar malah gabisa katanya jenis kelamin tidak sesuai NIK, padahal udah bener",1,2025-11-08 17:06:27
44ad50a5-dde8-4a9b-8ec9-5dc3a3982164,Alhamdulillah...sangat membantu dalam layanan kesehatan,5,2025-11-08 16:58:31
bb69bcf2-d4ad-4a7e-a730-9f9db189248d,"kami sudah mempunysi akun , namun kami tidak bisa masuk, paswot dan pin sudah sesuai , kemudian kami minta ubah pin dikirim code ferivikasi juga tidak bisa masuk, mohon solusinya",1,2025-11-08 16:53:21
7c27d127-1f9d-4b23-8e84-c750604a7545,"apk nya jelek bngt, udah daftar pake nomor sama email yg sama tetep aja ga bisa masuk, yang alasannya ini itu gajelas. dipersulit, belum tentu juga akurat itu data, lain kali kalo ga bisa dipake dibenerin dulu, nggak ngawur kek gini. mau daftar doang dipersulit.",1,2025-11-08 15:34:42
d3974f80-64fd-48b5-9b69-a0d0ec0c5b61,aplikasi nya tidak bisa di pakai,1,2025-11-08 13:43:34
4dc5e40d-66ae-4514-99ce-6576f6d5219c,Kenapa akun email saya tidak ditemukan di aplikasi padahal di browser bisa 😭,3,2025-11-08 13:23:53
8de15152-c84e-4a86-9c66-7b4575d1579c,bug nya diperbaiki dulu gan wkwkwkw,1,2025-11-08 11:08:24
bdee7bf9-675a-43af-b2aa-ecebb2df28fd,"hmmm yg di apk tdk sesuai kenyataan. di apk bisa pilih tgl, di kenyataan trnyt gabisa. tau gt hrsnya dikasih tau/info kalau jadwal tdk selalu tersedia di semua hari. kalau udh ijin gmn weh :""",2,2025-11-08 09:42:45
91f2ceb5-003a-4a94-8d97-66e30b8ee5ac,Alhamdulillah bisa pelayanan bagus bisa melayani dgn baik,5,2025-11-08 09:16:38
07cc4fa2-d495-4d3d-9c35-dbfe4a34b2f8,kode masuk invalid terus pdhl baru dikirim lewat wa,1,2025-11-08 06:33:27
a846a66e-3f9d-47ad-8611-0d88af6ebc41,Jawa Tengah Kab Purworejo mau periksa gratis isi form tapi kecamatan Purworejo tidak ada sehingga tidak bisa...mhn diperbaiki,1,2025-11-08 05:21:17
97d2fbfe-1ef1-419a-88f4-df987b85d74a,sangat baik dan membantu mengetahui kondisi kesehatan anak,5,2025-11-07 22:13:18
721ec677-4f18-446a-a916-fe89de10d449,Biarkan bintang yg menjelaskan pertanyaan anda.,5,2025-11-07 19:05:15
490c286d-cb56-4a99-a164-0a6f01f8503d,tidak bisa buat login,1,2025-11-07 18:57:39
d34c57fe-1a8c-41b2-aa55-8830ac017ea4,"gwla jelas eror mulu, gabisa masuk",1,2025-11-07 17:15:22
8ad00707-5b38-4547-bd52-cbbde8fd4580,program yg baik untuk kesehatan masyarakat,5,2025-11-07 17:05:27
3667ee49-8bf4-4070-947b-47d35e27224b,"percuma ada ni aplikasi, mau login susah. giliran udh bisa login eh sertifikat vaksinya gabisa di download",1,2025-11-07 16:27:56
6ee3606e-7276-4db9-8bcb-b1afeba6cb66,"nama SATUSEHAT tapi Layanannya BANYAK SAKIT atau KOMPLIKASI akibat SALAH URUS. Nomor ponsel sudah terdaftar malah disuruh ganti, karena Penyedia Layanan TIDAK Paham soal Verifikasi Data yg seharusnya sudah TERINTEGRASI dlm layanan !!!",1,2025-11-07 13:40:23
0d0ce99f-24b8-48a4-bbad-76ca2aedf5bc,"praktis, cepat.. hasil MCU langsung masuk ke SatuSehat Mobile, bisa liat langsung hasilnya.",5,2025-11-07 10:22:39
a6a1f646-3363-48f0-b360-4ecbf0a8bdba,eror nggak bisa login,1,2025-11-07 08:24:25
eb75d3ff-7117-464e-9ec1-b6ff89295893,sudah akses tspi susah online,1,2025-11-07 07:14:25
a5a53e72-a604-41f7-89e3-58744efc13c8,"buruk banget, aku mau daftar padahal cuma scan foto KTP susah bangettt. mau bikin syarat pekerjaan malah susah gara-gara aplikasi satu sehat!",1,2025-11-07 06:48:41
8e0fe4a5-60b3-42cf-a1b3-3fb81eeecfe8,"setelah update ga bisa login malah error,hadehhhhh",1,2025-11-07 05:41:00
14376135-3953-4bf7-935c-f429b3500a59,jelek bgt aplikasinya. setiap login masukin kode gagal terus. padahal kode udh paling sesuai angkanya. diperhatikan dong kalo bikin APK jika emang belum ready digunakan jangan di sosialisasikan. malah mempersulit.,1,2025-11-07 05:20:35
87db1835-6e1d-463c-8283-28e671105aae,aplikasi gak jelas nik ktp saya tidak terdaftar,1,2025-11-07 01:03:34
94b4195d-3952-45cc-86a9-c4263a3d95ae,"setelah update yang terbaru, malah gak bisa login... sudah mencoba berkali-kali gagal terus sampe capek... kepada siapa ku harus mengadu?",1,2025-11-06 22:47:03
28cf98b0-c619-43d7-8155-c797c9df4e4a,baik,5,2025-11-06 21:14:44
fc21f229-4c32-4004-b918-0cac9b9f6287,sangat baik,5,2025-11-06 21:00:15
8e594190-b0d4-4cbd-bf04-36b47f116bf5,baru coba2,5,2025-11-06 20:19:56
64872c6c-2e39-4860-841a-99b888a3f07a,tidak bisa login dengan berbagai cara,1,2025-11-06 18:10:41
ed8a153f-7bfd-4650-bea5-4ed164329a18,"siapa yg bikin aplikasi ini? ga bisa login, sdh puluhan kali 🤦",1,2025-11-06 16:15:23
0c307d91-a2c2-4af1-864e-2b8329c71343,fitur verifikasi via ikd tidak berfungsi tolong perbaiki. tidak semua bisa datang ke faskes hanya untuk verifikasi.,2,2025-11-06 15:55:45
33983d90-f17f-4d2e-8979-5f82d5422779,burik udah punya akun mau mau login tidak bisa padahal user dan pin sandinya sudah sesuai,3,2025-11-06 15:30:30
8c005a4f-2716-4285-b0d1-89bb9e877a0d,kesehatan sangat penting maka perlu dijaga...dgn pemeriksaan secara teratur,5,2025-11-06 12:21:10
089ae8ed-e1f0-461e-b04d-c58b45cac235,"apk jelek tiap update hrs login lg, udah login pun salah ganti pin ttp ga bisa login, gimana ih min, hrsnya klo update ga perlu login lg, bikin capek aja seharian utak atik ttp ga bisa login, padahal step by step sesuai instruksi tp ttp ga bisa login.Login pakai NIk jg ga bisa2 masuk...",1,2025-11-06 08:03:03
4a3d3276-9344-4f22-a356-5e877b02c03b,"1 th lalu sdh pernah verifikasi ke faskes, skrg diminta lg verifikasi ke faskes, tetiba aplikasi eror.",1,2025-11-05 20:05:43
d2965a40-26b2-4d6a-b59f-a2324a952c1e,bagus,5,2025-11-05 19:47:15
764faa15-e118-4481-a20a-f2b2bf3cc518,"Setelah memasukkan kode verifikasi dengan benar tidak bisa dibuka dg pesan, 'sepertinya permintaan anda tidak valid'. Kalau aplikasinya gak bermutu seperti ini masa iya sudah lama tidak ada perbaikan.",1,2025-11-05 19:08:58
36e4b2c7-3031-4c0b-8c1c-e32661d357cd,"mau hapus akun utama gak ada pilihan,dan ternyata harus ke help desk, udah aku wa dan email ga ada balasan,udah menduga kalau apk punya pemerintah pasti ribet!!! kenapa sih ga disediain hapus langsung aja,saya salah masukim data akun utama pake data anak saya lho,mau ganti pake data saya senditi kenapa dipersulit?!",1,2025-11-05 18:56:15
ea76778c-5635-4a99-9f51-1d4b37a731e5,ok,5,2025-11-05 18:36:25
5278d613-c808-4341-bf79-403a39de82ef,"Tidak bisa terbuka pembelajaran saya, terlalu lama loading.",1,2025-11-05 17:19:41
31f12d26-40cf-4303-a450-2043fd28bd20,👍,5,2025-11-05 15:46:10
e735f0b5-9f24-4e00-aefd-8e1252176008,error mulu tiap mau verifikasi online,1,2025-11-05 09:51:31
78864f46-d461-4d63-976f-acd3b06a890c,"ini gila banget ya, mau milih sekolah aja applikasi nya errrooooooo Mulu, nanti naik lagi ke atas pas Scroll, lalu mau nyari sekolah aja nama sekolah gua ga kedaftar, pas nekan kab. lain, pilih sekolah, lanjut milih jejang pendidikan MALAH GA BISA DI TEKAN, MANA OPSI SEKOLAHNYA ANEH SAMA SEMUA DISETIAP KAB. pls deh ya, aplikasi di urusin, mau cek kesehatan aja gini, yang ada makin sakit gua kesal banget 1 jam an ngurus kek ginian",1,2025-11-05 08:36:26
f3a7d954-8401-4187-b930-d57d2afccfdf,saya daftar untuk besok di puskesmas tangerang . pas saya cek brusan... berubah sudah selesai di cianjur tanpa saya melakukan ckd.,1,2025-11-04 21:46:26
11b3469a-62bd-4247-873b-3d9c3265226f,kok gak bisa login mohon petunjuk,1,2025-11-04 19:01:54
e680acc3-1c6f-41e9-b32a-b46c7792b5d8,susah sekali log in,3,2025-11-04 18:13:50
acde482e-ca2b-422c-a973-59f0f9b9ec3b,ka klo data diri udah terdaftar tpi email atau nomer uda lupa gimana ka loginnya?,5,2025-11-04 17:58:00
94fc3615-65c4-4cd7-8dd5-a41051ce7e2b,"ingin melakukan pemeriksaan malah di persulit yang bilang harus dari pihak sekolah dan setelah puskesmas datang ke sekolah lalu saya tunjukkan kode pemeriksaan malah di suruh nunggu lagi notifikasi dari satusehat, udah berapa Minggu gak ada kabar akhirnya saya lapor ke pusat bantuan karena saya belum jadi pemeriksaan tapi tidak kunjung dapat bantuan",1,2025-11-04 15:47:51
e1760a0d-613a-4568-884f-74e3b3792253,Saya udah dapat OTP dari email tetapi selalu gagal untuk loggin,4,2025-11-04 14:52:21
9ba02a36-184c-41c0-b60e-e2d3704e9c57,daftar gratis cek kesehatan ngk pernah bisa ini aplikasi apa lewat link web juga sama juga,1,2025-11-04 14:26:19
ab82bbbf-015b-4672-80fb-4ad135596a23,gimana lo ini og mu cek kesehatan gak bisa dasar apk,5,2025-11-04 10:57:40
ce7e4dc7-85d4-4e68-acc7-a992c1309934,"aplikasi Erol total,, masa sudah dimasukkan identitas yg benar,, masih salah,, tak pakai, kurang kerjaan mengunakan aplikasi eror",1,2025-11-04 09:54:14
a42e93b0-0257-4372-8eb7-2057d04bf0f5,sehat biaya murah. sakit biaya mahal. carilah Sehat.,5,2025-11-04 06:02:55
dad5e07d-82a2-4936-a483-33faa73b15c2,Pelayanan kesehatan via mobil digital sangatlah membantu dan mudah untuk di akses,5,2025-11-04 03:57:11
b69d78cc-255d-4109-a54c-97f202f6814e,"aplikasi bagus , semoga fiturnya terus di upgrade",4,2025-11-03 19:37:38
b03cdb0e-a449-4895-8dc7-9d1b47daa04e,knp jadi gini buat login ajaa errrorrrr teruuuussss mending di hapus aja klo gini terus,1,2025-11-03 18:12:46
6d3983e3-ad01-400d-b0b7-a531ddc4c623,"ini gimana sih kok error gak bisa di download sertifikat vaksinnya padahal lagi butuh banget, tolong dong di perbaiki, terima kasih",2,2025-11-03 15:27:12
f61170d5-ddc9-4072-be66-928311d6e2a6,sayang banget sy gak bisa buka download karena hp nya tidak memadai alias tidak support😥,5,2025-11-03 15:13:50
27641ead-a2fa-437f-9d24-6e7d50344c96,aplikasi tidak jelas udah masukin otp dengan benar tidak bisa masuk padahal udah dicoba berkali-kali,1,2025-11-03 13:09:34
c407e59b-fe98-4b1c-9c2b-a481b4070af7,aplikasi taiy,1,2025-11-03 13:04:07
f64363ec-7c0c-441c-ad6e-83d1135abce3,"alhamdulillaah sudah bisa cek kesehatan gratis, fasilitas lumayan, staf yg kindfully, smart n energic, meskipun hasil kesehatan ada yg perlu direvisi but most of all is wonderful, terimakasih semua, barakallaah..",5,2025-11-03 12:05:38
9ee2c126-6c60-4cd4-a7c3-bb1082951954,"Alhamdulillah setelah update, keluhan sama seperti rekan2. tidak bisa login,Sudah mengadu juga lewat email. Zooooonkkkkkkk Ini aplikasi bagaimana sistemnya, Jangan nyusahin masyarakat dong pak sistem. Masyarakat sudah mumet harus pake aplikasi yg itu yg ini. Tolong diperbaiki sistemnya nggeh. Matur suwun 🙏",1,2025-11-03 09:26:13
398358c6-f434-4bfd-a834-ada82fb4eded,sertifikat vaksin tidak dapat diunduh,1,2025-11-03 09:21:24
cdcfd5ef-b3b5-44c0-a86c-efe27741d119,"Dulu waktu masih Peduli Lindungi parah errornya, sekarang 2025 makin parah banget errornya. Login ngga bisa, daftar baru ngga bisa, lupa PIN lalu masukkan kode verifikasi juga ngga bisa, ganti kode verifikasi masih ngga bisa juga. Pilih opsi lupa akun, masih ngga bisa juga.",1,2025-11-02 21:21:49
d79d4d5c-77c1-46c9-9c2b-e767c591eea8,Gak jelas makin lama makin jelek system nya sudah pakai kode otp yang sesuai tetap tidak bisa,1,2025-11-02 17:44:49
321f1cbf-54de-4f5d-b7c5-574edc977ce0,Mantap,5,2025-11-02 17:26:48
be60cd13-317f-49ba-b9aa-a1d6ef0055eb,"aplikasi aneh download sertfikat vaksin aj gabisa,di persulit gini anehhhhh",1,2025-11-02 15:15:58
af7750f2-b8ad-48c3-99a6-aafc0ebd82fb,sanggat bagus selanjutnya ditingkatkan lagi pelayanannya,5,2025-11-02 14:47:28
b1335d72-9330-4483-ba4e-04eabc7ea084,"Ini gimana sih kenapa buat mau masuk aplikasi aja mentok di awal, ga masuk ke beranda, muter muter terus, padahal sinyal bagus juga, yang bener napa!",1,2025-11-02 14:45:44
ae94a8a0-3adc-41d3-989c-01a8300edfdc,terima kasih sudah di vaksin 2 kali ...,5,2025-11-02 07:21:12
179bb666-feca-4ca9-8699-51553366fcab,aplikasinya gak bisa dibuka sama sekali.. padahal sebelumnya bisa.. sdh pake password dan nomor yang sama masih tidak bisa.. gimana sih,1,2025-11-01 19:06:13
a22ce8f5-cba4-4375-90ae-cc0e5fa250df,kaga bisa login,1,2025-11-01 15:08:05
eb8dd5ad-f9ec-4771-96c3-0f8858c30443,terima kasih,5,2025-11-01 12:56:25
5376aa1b-e76d-4b03-a413-86bf843f2187,tidak bisa login aplikasi butut,1,2025-11-01 12:00:20
b957895e-50cd-490b-aca8-9ec5c2488b55,"mau klaim birthday treat alias mcu gratis, eh aplikasi nya aja gak mau kebuka, loading terus sampe mampus, kenapa gak dipermudah dengan cukup datang ke puskesmas bawa ktp doang? kenapa harus daftar dulu di aplikasi yg login aja gak bisa, KECEWA!!",1,2025-11-01 09:39:33
30ca6bc1-05be-4c20-9b0c-4ae9ffdcc43d,apk Ra jelas memang terlalu rendah Indonesia dalam urusan teknologi,3,2025-11-01 05:41:52
8a015e4c-bf98-40dc-9dbb-024c42f73ece,"nyuruh melengkapi identitas, tapi saat mengisi alamat malah ga bisa (provinsi tidak ditemukan) gitu terus. apps negara banyak bug",5,2025-11-01 05:39:45
acfa14b7-6629-4605-9ecf-13f9785d7c01,"aplikasi cuma biar di download . aplikasi gajelas bikin dongo se-Indonesia. baru jga daftar,nomor sudah pernah terdaftar katanya, pake nomor baru dicoba sama aja,sudah pernah terdaftar, payah konoha",1,2025-10-31 21:56:22
f242c4c8-5050-4f44-8d02-ad68c68f4496,"Bagaimana Indonesia bisa Maju ya kl aplikasi Resmi Kesehatan NKRI error waktu login aplikasinya ribet code OTP error tdk mau dimasukkin malah disuruh ganti macem2 , Baru tapi error Boss.",5,2025-10-31 20:14:16
d77cf869-e1d1-49d2-8de5-78703c1f2904,banyak errornya,1,2025-10-31 15:44:39
aabfaa16-ac4e-4301-86c4-03a474092fd3,"ngga bisa konek ke Identitas Kependudukan digital, menambahkan data anak pas mengisi form domisili tidak keluar rekomendasi provinsi. bingung, aplikasi mau di pakai buat apa, server nya juga lemot, 🥴",1,2025-10-31 15:04:50
0e55a6d5-e811-40a5-84a7-0889a7475b03,kenapa akses lokasi untuk provinsi nya tidak bisa di klik ya min,3,2025-10-31 14:36:39
9efcc209-1577-4694-a5cb-28127a91061b,saya daftar tp no sudah di pkai orang,1,2025-10-31 14:30:55
ec1d21b6-6de0-4ae2-9cec-0f31899d1a1a,"sudah daftar, tapi pas mau buka lagi kok gak bisa dibuka..",1,2025-10-31 14:01:09
dedc3b49-a310-4f53-92ca-631be5b84495,"maaf bintang satu dulu, seteleh terinstall dan mendaftar utk MCU, skrg mau buka aplikasinya tdk bisa, hanya muter2 tanpa berkesudahan",1,2025-10-31 11:20:28
72ccfd24-e061-48bc-9f7a-25acfbf8621a,"di Info untuk Cek Kesehatan Gratis, tapi Porse Verifikasi KTP ga Loding sistemnya.. manual Pake verifikasi Isi Data juga sama saja Banyak kolom tidak bisa di isi. akhirnya tidak Ada cek Gratis.. mau kirim Pusat Pengaduan di Menu bantuan aja Klik Kirim Ga bisa. 🤣🤣🤣🤣Aplikasi nya tidak niat. Kalo belum jadi jangan di Share Publik. Pasti Biaya Pembuatan sistem sangat mahal.. tp kenapa belum jadi sudah di Run ke Publik???",1,2025-10-31 09:18:06
8b3864d8-d8e8-4188-b520-c1867bd90b92,sangat buruk aplikasi nya...sering eror sulit masuk nya,1,2025-10-31 07:37:52
c7a45558-9e28-4ab7-a322-607c23f50807,error aplikasi nya baru mau daftar tp no telpon ush dipakai dan coba email tetap seperti itu,1,2025-10-31 05:32:11
47cdcc45-7c8c-4fb1-8d9c-9a37dacee1d5,kenapa harus pilih-pilih perangkat?,2,2025-10-31 03:29:55
1511a95e-b81f-4d7e-8af7-37a4735cf284,aplikasi masih perlu banyak pembenahan,3,2025-10-30 21:16:28
f6f076e1-a4ea-4597-a98c-0fd78623d9ba,"mau coba daftar cek kesehatan gratis, tapi wktu verifikasi cari provinsi tidak ditemukan. masa iya jakarta ga masuk",1,2025-10-30 20:38:06
aa9c2ff4-571b-4c32-8099-d05e71bdda89,lemot,1,2025-10-30 20:30:10
9d66ee8a-346d-4500-a4cc-bfc0a772c2b7,"aplikasi kayak dajjal, verifikasi data g bisa, lalu pengisian data saat daftar cek kesehatan di kolom domisili provinsi tidak tertera nama provinsi, dan saat kirim keluhan g bisa di send. banyak bener aplikasi buatan instansi bergengsi malah tidak baik2 saja, hapus aja aplikasi ribet model gini",1,2025-10-30 19:30:03
8c1f1036-4cf5-4ffe-987b-2b71bd9c7aa0,tidak bisa login bang,2,2025-10-30 19:24:49
ac7cbf9f-8649-4bc7-8fbc-1265d2633baf,mantap,5,2025-10-30 18:46:31
3d1d1482-ee43-4e72-a375-80360d7336ba,Ga jelas blass,1,2025-10-30 12:49:21
9268886a-9b51-4da8-99c5-8cfc3290f308,"Kenapa yaaa aplikasi buatan Pemerintah pada BUSUK BUSUK Semuaa, Pdahal anggaran dari pusat ga main main nominalnya",1,2025-10-30 10:45:56
477a21f2-6d39-4922-8a50-979ab38a3fa4,"GA BISA MASUK APLIKASI!!! Malah Banyak Gangguan BUG nya duh gustii, semoga secepatnya di Perbaiki.",3,2025-10-30 10:32:32
21a14929-6d6d-4139-a678-43900f563a77,masih perlu perbaikan karena saat pilih tema setelah login masuk dengan 6 digit PIN loading lama tidak bisa klik tombll pilih,2,2025-10-30 05:30:38
1b21ff5e-b1f8-42e5-9316-4f374806ef90,Tolong untuk bisa dipermudah dalam login ke akun satu sehat loading lama saat pilih tema tp tidak bisa klik tombol pilih,2,2025-10-30 05:28:12
d01d8a8b-99b1-4cb1-af15-7287d552945d,siap,5,2025-10-30 02:04:02
ba62bceb-ca94-4e53-9f91-263017f72794,"setelah update, tidak bisa log in sama sekali. meskipun sudah reset passwod via no tlp dan email juga, tidak bisa memasukan kode otp 6 digit nya, gimana solusi nya link tidak ditemukan atau tidak aktif",1,2025-10-29 22:29:34
a6921b92-798a-423c-a578-39c0c1b2fc99,Tidak bisa login padahal nomor ponsel sudah benar.,1,2025-10-29 20:00:22
15689cc2-3e19-48b1-8ea0-8e4d41887f0a,"Kadang suka penasaran sama yg bikin app pemerintah. selalu eror dan penuh bug. mgkn bener kata pak Pur, yg bikin anak lulusan setingkat SMA yg bisa dibayar murah. Penasaran sama anggaran app ini berapa, dan yg dibayarkan ke developernya brpa. kan ga mgkn app dana milyaran jadinya aplikasi mletre.",1,2025-10-29 19:05:55
28259746-fef2-4e20-9728-7c5e0a11171b,sangat membantu yang membutuhkan baguss👍👍,5,2025-10-29 17:35:45
84b87a82-bdf5-4146-bfd6-a44cadedf2b4,pemerintah jualan aplikasi. gatau fungsinya untuk apa apps ini. mau daftar med check yg katanya gratis pun ga bisa,1,2025-10-29 14:44:02
bff889fd-c211-4d18-bd71-6af5a86e64bf,mohon untuk mengapus akun saya karna nik sy tidap bisa di gunakan untuk masuk satusehat sdmk🙏,1,2025-10-29 14:15:08
62932b65-ad9d-4c75-bb3d-f3d2e5608dd3,"ini gabisa login parah banget, sudah ke email dan watshaap helpdesk tetap gabisa.",1,2025-10-29 13:17:49
9bc7606d-34b6-4e58-8aff-f3996bef5b03,mudah penggunaannya,4,2025-10-29 10:38:49
07a61e55-19b4-4024-95d5-2a8c81f93b0f,"aplikasi nya banyak bug nya , ditambah sering error",1,2025-10-29 09:40:59
f08c64d8-9cc4-432c-ba31-f4f1a2ab90ef,diperbarui malah gak bisa loggin,1,2025-10-29 08:47:20
58426093-2e24-401d-9724-532178b8b653,"susah daftar, nunggu kode verifikasi lamaaaaaa banget gak masuk email..",1,2025-10-29 05:52:12
0ba6c213-f395-4e85-98bc-cf1c6cbf014c,Pokoknya OK,5,2025-10-29 01:50:20
b9fae7c0-a17a-4076-8dac-cc70189bec1d,info jelas,5,2025-10-28 20:25:09
eae32ea3-8bd9-45d9-9607-d522347c1551,"Setelah update knapa jadi nggak bisa masuk, cuma sampai pilih tema ngga bisa lanjut lagi",1,2025-10-28 18:56:14
832b6315-bd94-48ad-ae37-9fe595869ee8,"TIDAK BISA DI AKSES, INI APLIKASI GIMANA SI? MELALUI WEB DIARAHKAN KE APLIKASI, NAMUN DI APLIKASI SELALU EROR. TOLONG SEGERA DIKONFIRMASI",2,2025-10-28 17:00:46
2bd9ad7b-a356-4887-9a8d-cfbc75aee0a4,aplikasi aneh sudah update terbaru ga bisa login aneh banget ini,2,2025-10-28 15:57:37
4480591e-41ba-4e59-ac46-40d8472166f0,aplikasi ga berguna orang baru download mau daftar susah banget gimana mau CKG 😡😡😡,1,2025-10-28 15:55:53
0e1d8bd1-799e-4659-9b7a-ee30d099fd1b,"maaf aplikasi kurang jelas , data yang terdaftar pakai nomor telepon bukan data saya sendiri, kecewa dengan aplikasi ini",1,2025-10-28 14:10:38
3e9980b8-bcb9-4f97-bd1a-4392f92d88b3,ga ada kota Banjarbaru disini,1,2025-10-28 12:44:22
707da2f9-21ae-4817-9c1a-f3bd2770ef3d,sangat puas,5,2025-10-28 08:10:31
a426aa33-4275-4c39-a33d-f8eb2e9e8753,LOGIN SULIT BANGET KESALAHAN PADA PIN JELAS JELAS PIN YANG SAYA TERAPKAN UDAH BENAR,1,2025-10-28 06:34:17
bbadfa96-0b10-49b7-8669-f31d92eb9f17,petugas medis dari Puskesmas Cikupa sangat respon terhadap pasien.,2,2025-10-28 05:08:16
b39b0e57-36d6-4907-9923-b92767023449,aplikasinya mudah dan komunikatif,5,2025-10-28 03:43:46
f37718c4-3252-434e-8260-9388245839a9,"saya baru pertama kali isntal aplikasinya tapi kok pas mau buat akun malah sudah terdaftar, mohon penjelasannya",4,2025-10-27 22:45:11
b131491c-71ff-4fc8-9704-95bee56a6b84,Makasih,5,2025-10-27 22:17:42
3077634a-2b0d-4028-83fc-f2f4746214c7,"aplikasi yg dibuat untuk kepentingan umum dan dibiayai negara, banyak komentar bintang ⭐ apa hanya seperti ini saja upaya pemerintah untuk masyarakat umum!!!, kalah dengan aplikasi swasta ?",5,2025-10-27 19:45:19
116042f9-7920-4613-84f7-8542ce803a3e,daftar pakai nomor ga bisa padahal nomor yg didaftarkan sama dengan yg sekarang,1,2025-10-27 19:44:10
9cb14384-d8c7-479e-bf34-171ad75d99ae,keren,5,2025-10-27 17:46:00
17061d85-2fc2-4d14-8c2c-8da76dd16931,membantu,5,2025-10-27 11:03:58
c52f36a5-7d34-4f07-ab6b-e606919923b0,Aplikasi tidak efektif,1,2025-10-26 14:08:44
486b283c-8fdd-41f1-928e-d821f879ea34,sehat selalu untuk rakyat,5,2025-10-26 08:22:11
f87f2c05-90a6-437d-adc0-19c865e94eaa,"Ngeselin, kalo gak diperbaharui gak bisa dibuka.",2,2025-10-25 10:11:49
977c9a7e-7c39-45c8-ba97-2f998021d3e7,"jalani, nikmati & syukuri itulah bahagia",5,2025-10-25 05:23:35
1eed03c4-c2d3-4cb1-a065-09a64250ffc2,lemot sekali,1,2025-10-24 20:16:02
04441d93-0cbc-4769-a5d4-82c59732f91c,bgs sekali,4,2025-10-23 20:56:33
f35c4f8f-157f-43de-8b2e-0cccf4abd28a,terlalu ribet termasuk login,2,2025-10-23 16:35:52
b5c6fbe8-631d-4bb1-a298-f635238cdb60,gk niat bikin apk ini banyak bug nya,1,2025-10-23 13:44:13
4094747e-c238-41c1-bd34-171ca0461c7c,"untuk anak yg masih pelajar, susah bgt pas milih jenjang sekolahnya",1,2025-10-23 05:52:56
2be31936-2d41-43f3-aac0-c4f792578134,menjahit baju gamis sama sragam anak sekolah,5,2025-10-22 18:17:44
7479bfd9-7f1d-4ccf-a907-56dcf3ebb353,Gak penting juga download aplikasi begini,1,2025-10-22 16:39:09
207df05f-1db0-4f93-a9bf-4e91e17e09bc,"akun tiba² gk bisa di buka, saat pilih lupa pin dan di suruh memasukan no yg di kirim ke email gk bisa",1,2025-10-22 10:06:13
671b9586-6ea3-4a6e-9f2f-cc23d1f55081,lupa sandi kode udah masuk salah 🥱🥱,1,2025-10-22 10:04:45
2424b432-e89f-4b48-87d4-4a03d9061c20,ga bisa login..padahal udh masukin pin yg benar,1,2025-10-22 04:58:39
0dcc46ce-33ff-401f-b728-7cd545a8b148,apk apaan buat ngisi jenjang pendidikan aja gabisa,1,2025-10-21 18:54:05
72e481ec-2e60-4998-afd1-32dd19cc7118,makin konyol aja ni aplikasi mau lihat vaksin aja hrs repot verifikasi,1,2025-10-21 17:34:02
e74e74e4-90d2-46d0-8ed7-c7c29988b9ba,"aplikasi mempersulit.. kok bisa nama ga sesuai di nik terdaftar, padahal untuk yang lain sesuai. bukannya dimasukin ke database ya waktu bikin ktp? bikin kerja 2x. mana harus ke app identitas kependudukan digital dan harus offline juga, ribet bgt sumpah. ini saya nulis gini juga gabakal dibaca apalagi di dengar",1,2025-10-21 15:31:12
7249960d-c8d5-4c2c-9298-d3fc104c2a84,"Tidak bisa ubah (hapus) akun, karena awal buat 1 akun (hp + email) untuk 2 orang, saya mau ubah 1 akun untuk 1 orang untuk isi tgl lahir tidak bisa, di ulang ulang sampai tangan kriting tetap tidak bisa.",5,2025-10-21 14:00:06
ed56221e-74c0-4f18-a4b4-2a137ab51f77,"Dimta update, tapi setelah update kok malah ngga bisa masuk lagi....",1,2025-10-21 13:44:59
d3e2309c-d844-4ef7-9eaa-0d5b5b020400,"aplikasi sampah, kirim pengaduan juga lelet, disini juga bot yg respon tapi respon nya sama semua",1,2025-10-21 11:39:16
0c9d758a-e06e-4681-b5e1-5bb57b734775,anjayy,5,2025-10-21 10:22:32
758d7f88-5490-4cd8-bfa8-9f93b6c231fb,"app pemerintah full lawak, buang2 anggara aja🤬🤬🤬",1,2025-10-21 09:21:22
07d77479-5c00-4f41-b6af-f5195b892d84,verivikasi by identitas kependudukan digital susah terkoneksi,3,2025-10-21 08:17:48
6df743f0-0bc3-4bb6-8f16-18d34018d296,"pelayanan nya ok bagus,,,",5,2025-10-21 07:46:40
911cb16d-3fd6-457b-8680-18f096135010,"gagal terus gak bisa masuk, padahal akun lama, sudah masukkan kode verifikasi dari wa gak bisa juga, pakai identitas kependudukan digital gak mau jg",1,2025-10-20 19:52:55
2652647b-b127-4bfa-9975-4f2884e5d9ed,"aplikasi gagal ini, mau masuk pakai nomor HP saat masukin pin selalu gagal padahal udh benar, klik lupa akun saat masukin kode verifikasi dari WA malah gagal, parah...",1,2025-10-20 19:42:33
da790d90-97ac-4747-95d9-5bbfa4bd654a,good,5,2025-10-20 18:59:15
c5e4d546-36a8-473c-8ce3-ba006c31a60c,"aneh aplikasinya sudah di download ga bisa di verifikasi,,no ktp ga konek"" pergi ke faskes sudah tidak aplikasi nya,,",1,2025-10-20 16:09:06
62e04dd9-9f87-4fa5-8546-d7f6b2881891,"parah masuk ngak bisa, daftar ngka bisa,",1,2025-10-20 14:40:03
f128b673-75bb-4712-a6a5-2f798ca3e7a3,sangat bermanfaat,5,2025-10-20 12:53:46
a23b3a3a-e0a1-4f62-9a6a-efb9f3e7f7c4,kok gak bisa dibuka ya Apl SATU SEHAT,1,2025-10-20 08:33:53
fb4aab05-e6b3-4bb2-a783-bdbb0c5d4a00,"aplikasinya jelek banget,, tidak bisa bantu follow up jika terjadi kesalahan",1,2025-10-19 19:13:22
6af7389f-8c77-443b-bc55-befd7d276ddb,kenapa tidak bisa mengunduh sertifikat vaksin?,1,2025-10-19 18:24:35
b1deba36-ecfd-40ee-993f-b3a07ff34aba,punya gua gabisa liat hasil vaksin nya,1,2025-10-19 09:23:01
8695d3c5-aabe-4a84-b850-95fa122e5ab0,ini gimanaa saya download sertifikat vaksin gabisa bisa,1,2025-10-19 07:05:41
3d416c03-1baa-4388-a2eb-57e1ccd19c5f,mau verifikasi profil untuk lihat rekaman medis gak bisa ! tolong diperbaiki,2,2025-10-18 09:48:33
66ded57d-6c88-4d5d-a090-1d81c86cdb70,"up date ya up date setiap up date selalu minta login melulu,akhir nya lupa akun,akhir nya tidak bisa di gunakan",1,2025-10-17 23:11:13
b02c1b7b-0e75-4f78-9860-01146dcef517,Useless app. Get health check up and I can't see it right away. Only doctor can see the result. She said just wait and see for the result. I hate this. Not recommended to get free checking if it's just basic stuff on stupid clinic. Seems like government want to collect data and harvest it for something basic offer.,1,2025-10-17 08:40:17
b01ff272-ecba-4d6a-a798-ead00bb027d5,gk jelas alamat skolah sm alamt tigal tidak d temukan terus . aplikasi gk jelas,1,2025-10-16 18:27:57
f22fce5c-5f85-4091-8f7c-2a6fd6caf109,aplikasi beban doank...,1,2025-10-16 16:16:36
cfcf6555-cd35-45d4-89d1-580b4bbc22fd,sampah,1,2025-10-16 13:16:31
f3d82843-200a-4190-a980-f285e550517b,"awal² bisa di akses, sekarang malah harus login lagi dan harus milih tema tapi loading terus, solusinya gimana ya? pdhl sudh di uninstal tapi tetep aja",2,2025-10-16 11:25:17
e33fb1d5-61ad-4a07-91b6-904cc34db90c,sertifikat vaksi tidak bisa diunduh,1,2025-10-16 09:53:38
20b0583e-6306-4c67-8fed-62369265c4c1,Ok,1,2025-10-15 21:18:09
f2da6ccc-035d-4eb8-bd9d-b6f011501085,"aneh bgt ini dah apk, mau liat sertifikat vaksin ga bisa2 heran udah email berkali2 jwbnya masih ada pemeliharaan terus lama bgt, mana malah disuruh ngecek sendiri di puskesmas buat data vaksin nya gajelas bgttt",1,2025-10-15 20:17:51
484e3171-c783-451b-bd1d-e0dfe971e62b,"gak bisa masuk akun, biasanya bisa",1,2025-10-15 16:21:15
7f7fc95f-5ba4-410b-a92f-f229b08f9024,informatif,5,2025-10-15 12:50:04
2d82e55b-d8c4-44cc-8458-2790e0986f87,"mau lihat tiket pemeriksaan saja susah, dr tadi loding terus",1,2025-10-15 12:28:15
a9fd7435-a6ab-4203-8653-232056b55aa8,aplikasi crash tidak bisa login otp salah terus,1,2025-10-15 04:41:39
390fb3b5-7341-43b9-bfb2-fdc085490e64,Bintang 1 Karena Bikin kesal,1,2025-10-14 21:51:08
1569c558-843c-4914-9ac3-91cd3f788988,"menu tiket pemeriksaan loading terussss,,",2,2025-10-14 19:37:36
b9623aac-2321-4f76-b85e-20d42add767c,"kenapa pas halaman daftar pemeriksaan gratisnya loading terus. Padahal saya mau daftar, mumpung ulang tahun. nanti lewat bulan pasti ga bisa lagi. Apa programnya sdh tdk ada? Bukannya itu programnya Bapak Presiden?",1,2025-10-14 17:46:57
4a199e05-c97e-4c80-beed-dbecc59cf197,"banyak error ketika login dan sekarang tidak bisa login, aplikasi sering logout sendiri",1,2025-10-14 12:22:03
4309cb6a-a15d-4175-b35b-d1c835998a39,"Aplikasinya tidak dapat digunakan, sudah memasukkan kode OTP berkali-kali namun tidak bisa login. Mohon solusinya.",2,2025-10-14 02:49:27
65117e0a-a51b-4086-b934-2a0657059791,"ini aplikasi kenapa sih salah pin segala padahal udah bener, coba ikutin lupa pin, terus udah verif email segala dll, udah buat ulang pin ..masih aja salah .. aneh padahal lagi urgent banget diperlukan tolong diperbaiki lagi kedepannya terimakasih",1,2025-10-13 23:14:19
18ad28d2-208f-4cca-9bab-03ac19648f0d,"aplikasi yg sangat ribet, susah di pencet dengan alasan koneksi internet. internet data harga mahal tapi koneksi paling lemot.",1,2025-10-13 17:00:18
e08ffc01-77b0-4d16-98a8-a82065013890,sertifikat vaksin sudah ada tapi tertera tidak bisa di unduh,1,2025-10-13 09:51:32
818e6288-b9fa-4a7c-92b3-1ea941b11719,sering eror di bagian kode OTP/kode OTP tidak valid masu masuk susah nya minta ampun,1,2025-10-13 06:16:16
d7a68060-b312-401f-9945-aceb550b57f3,aplikasi tolol,1,2025-10-12 19:06:23
11c0ad5f-7637-4d4f-9bc6-a88f09b9616e,lupa email dan nomor hp . jadi ga bisa login . klik menu daftar . tapi sudah terdaftar . jadi haru bagaiman ????,5,2025-10-12 12:34:14
6781ff89-1c9d-4325-8b45-56379710bbfb,gak bisa login pake akun doang dih,1,2025-10-12 09:47:31
41568cd5-53fc-4dcc-9df6-c974ce9b6602,"aplikasi negara kah ini? klo iya knp gangguan mulu si, heran",1,2025-10-12 06:43:08
3e9102a4-ede0-4fae-a55a-26cf66591195,"Aku belum cek kesehatan gratis, tapi kenapa malah sudah ada hasil pemeriksaannya, di puskesmas tanjung sari Surabaya? jadi aku nggak bisa cek lagi kan? jadi ini solusinya gimana? belum cek kesehatan kok sudah ada hasilnya?",1,2025-10-11 17:46:13
583c8666-ccf8-418e-9370-8adc571c06d0,ini apk apaan otp dikirim benar ga sesuai terus cara masuk nya gmna? gejelas,1,2025-10-11 07:31:25
32d25250-9139-4c51-801c-44debbccd6b8,tiba² logout sendiri dan tidak bisa login lagi. semua cara sudah dicoba sampai uninstall app. bagaimana kinerja IT nya? sekelas app kementerian lho ini. sinkronisasi data saja tidak mampu,1,2025-10-11 07:27:24
4c881531-b90d-4f71-8093-3ef9cdafe63c,"APLIKASI BUSUK, LOGIN GABISA, FORGOT PASSWORD GABISA, KORUPSI AJA TERUS",1,2025-10-11 00:23:03
b627b1b5-9422-46be-b3bc-050c5a2c9e0d,"Aplikasi ini malah bikin ribet....karena tidak semua lansia bisa menggunakan hp dan belum tentu semua lansia punya hp ...jadi kalau membuat peraturan/kebijakan tolong difikirkan yang matang2...kita rakyat sudah susah,jangan di tambahin lagi ...",1,2025-10-10 23:55:26
c866005f-7d1a-4bea-8008-f5db1651d56d,"aplikasi gk jelas, program cek gratis gak jelas juga... program cek gratis di WA ada banyak, setelah sampai di puskesmas cuma dapat cek tinggi, berat, tekanan darah dan kolestrol, setelah itu disuruh pulang tanpa ada konsultasi. hasil akan masuk di aplikasi. sudah 1 bulan gak ada hasil diaplikasi, ya udah uninstal aja... untuk pelayanan dipuskesmas, setelah tahu mau ikut program gratis, saya merasa kyk gk dianggap... setiap ada pertanyaan malah saling lempar...",1,2025-10-10 19:44:10
095309ee-c90a-45aa-ae21-48336ef58801,semoga semakin bagus baik,5,2025-10-10 09:47:08
d9c94e47-adda-42ee-aa5b-7a154d81584f,aplikasi ga guna,3,2025-10-10 09:34:04
a2d06cdc-b04b-484a-80cc-c9cde943c6b7,? —)) 800)) 800)) 800?) 800) 75 +400.1.1 +4) 80) 7+4 +2 +4) 8025)) +400.1.1 5,3,2025-10-10 02:41:22
c3602b46-254e-40c1-aa80-0296928ff6e3,"Akun saya tiba-tiba tidak dapat di buka,sudah masukkan pass tapi tetap salah. coba pakai kode otp masih juga tidak bisa mengakses,padahal itu kode otp yang baru masuk. dikatakan tidak valid,saya sudah mencoba beberapa kali masih seperti itu juga. tidak dapat login padahal apk juga sudah upg ke yang paling baru. entah dimana salahnya juga tidak yakin,padahal saya ingin melihat report dari CKG di bulan mei kemarin. terakhir seingat saya bisa login di bulan juli-agt tapi blm ada hasil report sm skl",1,2025-10-10 01:54:54
35cd61fa-f3b8-4a54-b42d-c82494ec576d,sudah masukan email dgn benar malah tidak bisa log in,1,2025-10-09 22:00:02
a19dbd5b-2ed4-4f3d-86c8-1732b5fcc3d4,aplikasinya bagus. bnyak fitur kesehatannya. mantap,5,2025-10-09 20:52:56
a22f628c-057f-472c-aaab-9e282de3f17b,login ngga bisa2,1,2025-10-09 17:46:43
2637d8cd-2705-4670-8e79-ad27a69aa02d,"Teuing ,meni rarudettt , bintang 1 ,neangan ngaran sakola meni KA eweh Jeung kelas naaa",1,2025-10-09 17:31:14
14cfea9d-5bde-4147-8d85-dff9d8d69657,"ini kenapa saya masuk mau cek sertifikat vaksin saya yg keluar malah sertifikat vaksin orang tua saya ya bukan saya????tolong donk bantu,mau saya cetak buat perlengkapan",4,2025-10-09 16:01:04
aad9b0bf-a130-48b3-bd26-1f330bb8cbd2,lu bikin app kok gini sih pak,1,2025-10-09 14:30:45
d9fc4351-53f9-48c2-9c16-3b1c434a127b,"pancingannya, periksa gratis... suruh install aplikasi ini, ngisi data pribadi banyak beneer... Apakah ada jaminan data pribadi kita aman?... klopun bocor kita g bs nuntut!...",1,2025-10-09 10:19:50
f48135f7-a2f3-4acf-b8dd-165db85a829e,udah masukin OTP yang dikirim masa gak valid. Heran salah dimananya,1,2025-10-09 08:58:38
34a5b039-c8e9-431d-902c-f4c81eaf0686,helpdesk dimana nya tolong diperbaiki aplikasinya,1,2025-10-09 00:48:01
2186512f-2d3e-4c2c-a3b7-d2dc093117d3,"payah,udah gk bisa masuk,lupa pin,dah dapat otp,udah masukkan kode tapi katanya salah,udah 2bulan tapi tidak ada perubahan,kirim pengaduan melalui email pun tidak ada solusi",1,2025-10-08 23:11:33
7d88618c-865e-4ed4-9cab-0f3a0a7009e9,"banyak fitur yang jelek dan susah dipencet,lalu informasi banyak yang nggak lengkap, saya mau verifikasi data diri, yang jenjang siswa sudah saya isi, tapi ternyata pas saya isi kolom lain jenjangnya terhapus dan harus mengulangi tapi pas saya mau isi ulang ternyata eror nggak bisa di buka, lokasi sekolah juga banyak yang nggak lengkap , saya mau isi nama sekolah saya tapi nggak ada, aplikasi kurang bagus. tombol verifikasi nya juga bermasalah.",1,2025-10-08 18:40:36
cfb9e3b8-b3d9-455f-9bb1-511cbd22061d,"gabisa login terus heran, udah install berkali kali juga tetep aja gabisa.",1,2025-10-08 05:52:25
d34e8213-fbd9-46af-87a9-0d81cf431e55,tidak Bisa masuk,1,2025-10-08 05:10:10
fb23e2d2-c01e-4f52-a91e-0343f917b52c,"gak bisa login, padahan pin udh bener, coba lupa pin ttp gk bisa. aplikasi buatan pemerintah gak ada yang bener, bugdet aja di gedein.",1,2025-10-07 19:01:34
b0f77c1f-d294-4772-8e4b-facf7c87f3e6,gak bisa kembali akun lamaku,1,2025-10-07 12:58:19
31b824aa-3fde-442f-84c0-6e0df5b53f7c,"apk buatan budak boomer, sebelumnya fine² aja loh. Aku uninstall terus aku unduh mau login dibilang salah pin, minta kode ke email ke pesan udh ku masukin kode nya, permintaan anda tidak valid. Maksudnya apa gitu? PERBAIKI SISTEM NYA LAGI, PIN YANG KAMI PASANG ITU SUDAH SESUAI DENGAN YANG KAMI BUAT.",1,2025-10-07 12:14:29
df448a7d-94ca-42c1-9612-bfc9469dff7f,"aplikasi sampah, login gk valid terus",1,2025-10-07 10:17:28
38b62a5a-1504-4a1f-aff5-d764bb1c40ba,om,5,2025-10-07 09:52:12
76e19f64-c0bb-4d7c-815e-fb065e64c398,mantap,5,2025-10-07 07:34:29
d0bb2e3a-604b-4fa8-b37a-5453a58de765,"Alhamdulillah nemu aplikasi ini, bisa download sertifikat vaksin, lengkap. Tinggal unduh dan cetak. Mantab's. Semoga jadi amal jariyah prmbuatnya. Aamiin_🤲🏻",5,2025-10-07 06:41:43
79c1f70b-b0f5-41eb-9ad4-344adffb4dd1,apk tidak bisa login,2,2025-10-06 18:50:32
52be5b35-b2b8-492b-bbf8-118ea252ca2c,saya login dn verifikasi dgn mail dn nom yg tlh terdaftar tetep gagal,1,2025-10-06 11:56:20
92a3b37b-1e9d-44b5-b31d-6d973355d101,"Aplikasi Sampah. Sebelumnya bisa login, setelah update tak bisa masuk sama sekali.",1,2025-10-06 10:22:35
bdf12f25-2cce-4737-a67a-87af4d08aef6,ok,5,2025-10-04 11:17:50
0603a123-add7-4b4a-9238-160a4ac76aaf,pilih mulu tpi gk bisa milih load trs. gk bisa masuk. unistal berkali2 sama aja. semua apk buatan pemerinth gk ad yg bener,1,2025-10-04 09:49:53
b1c1fad4-1de3-47ad-b4dc-02a93ff8494f,Good,5,2025-10-03 21:19:35
6fecc793-1556-4ad4-8392-2721079794ef,"mau login,permintaan ga valid terus padahal kode dah sesuai",1,2025-10-03 16:13:13
b9ee06c2-0d21-421d-9233-8610cdabf075,"Tolong pihak terkait memperbaiki aplikasi ini, ini menurut pengalaman saya sangat buruk keamannya, hanya dengan modal tahu nik bisa membuka aplikasi ini, jadi siapapun bisa buka, aneh sekali. Dan sering sekali gangguan, fitur tidak muncul, ini aplikasi pemerintah kan? tolong lebih serius diperhatikan",2,2025-10-03 12:00:16
52d52a10-e614-43fc-9d72-53d270bdc366,"aplikasi sampah login bolak balik buntu server error, makanya uang ngembangin aplikasi jangan di korupsi biar maksimal tolol",1,2025-10-03 11:34:04
fc65c4a9-6bc0-487c-b6e4-59e17cb11346,"apk gak guna bet, loading lama baget sinyal juga bagus apk lemot",1,2025-10-03 08:32:22
157019b4-3181-4912-9ae3-5ec5e4fbc488,"gajelas kenapa gabisa login saya udah CKG di puskesmas tapi gapernah muncul hasilnya dari puskesmas nya pun gaada konfirmasi apa-apa ke nomor wa saya, katanya program unggulan presiden tapi pelayanan nya jelek aplikasi nya eror terus, pastiin ga jadi akun judi online lagi ya min, awalnya seneng ada program CKG ulang tahun ini tapi pas coba dan rasain experience nya wah mantap bgt program unggulan presiden ini mantap bgt wkwkwk",1,2025-10-03 05:30:43
f5cf40fb-b629-41f8-81a3-cfc6ed7e8643,"hanying APK kok gini amat ya, ruwet",1,2025-10-03 01:42:01
b9103146-bd14-4586-9fe9-66b028e236aa,"mau coba daftar cek kesehatan gratis, tapi gak bisa2.. sudah coba berkali2 beda jam beda hari tetap masih gak bisa.. sebenarnya program nya masih ada gak sih????",1,2025-10-02 21:20:58
ab8b3caa-219c-459d-b780-4a65bab97485,tolong perbaiki sdh coba berulang kali tetap tidak login dengan IKD,2,2025-10-02 12:32:13
8794ca06-01af-4896-8fa4-8f2f0f3bb0fa,"gak jelas, daftar brrkali2 giliran login salah kesalahan terus, maksudnya apa coba? trus fungsi ngelink sama KTP Digital apa coba kalau gak terhubung2 Berjam jam? ancur tolong perbaiki, jangan cuma bisa buat program tapi gak bisa jalanin dengan baik, kamu selaki wali Murid pening banget sama gebrakan2 para Mentri2 ini. ada aja gitu loh suruh un instal, hapus ini dan itu, yg salah tuh bukan dari kami nya, server Lo yg BUTUT jirrrrr. lu koreksi itu tiap komentar semua udah nututi apa yg di maksu",1,2025-10-02 11:45:17
6e6672e7-3c59-4139-8b9a-66b1db1b40c1,Sangat bermanfaat untuk cek kesehatan dini,5,2025-10-02 10:25:07
eaf84dd2-84d2-4148-bd41-058309782d1d,"Saya ingin mencoba cek kesehatan gratis bulan ini karena saya ulang tahun bulan ini. Tapi kenapa saat saya mengecek aplikasi ini, saya sudah dibilang selesai tes kesehatan pada tanggal 24 agustus 2025 yang saat itu saya masih tetep di rumah saya dan juga nomor yang dicantumkan ditiket tidak sesuai dengan nomor whatsaap saya.",1,2025-10-01 22:06:44
530b3be8-e4f1-44ec-a91a-ae0f203068ce,buggggg,1,2025-10-01 17:27:57
131325a2-85fa-434a-9d22-053ab369a137,"aplikasi ini lama lama kayak nya tidak ada guna nya,Satu keluarga tidak vaksin saja aman aman saja ,Alhamdulillah,justru yang vaksin mudah sakit2an",1,2025-10-01 13:49:05
e63bfd77-18f0-4a49-abf9-e857179bb1a5,Aplikasi ini banyak masalah yaitu pin sudah benar saya masukkan saat ingin login pin tidak sesuai padahal sudah pas yg saya buat,1,2025-10-01 10:30:38
e232dd2d-b71b-4ba2-a2aa-93277741e45b,aplikasi rusak lebih bagus peduli lindungi saya mau liat sertifikat vaksin tapi belum vaksin padahal saya vaksin udah 2x mohon bantuannya dan jangan bebanin rakyat pak,1,2025-10-01 07:52:41
55a5e060-a229-4bf8-ba39-f4d81f48d0c5,"kenapa vaksin Polio + Mininghitis saya tidak otomatis tertampil? apakah karena saya vaksin di faskes secara mandiri? dan tidak lewat pemesanan di aplikasi ini? jika iya, bagaimana cara menampilkan Sertifikat yang sudah terbit ke aplikasi ini?",3,2025-10-01 07:40:17
6c018310-3eff-4db9-833c-84d69fe6cd12,susah sekali log in,1,2025-10-01 06:11:15
465e396f-1e5a-40d3-ba80-1619142972ba,"aplikasi ny ga jelas , belom tgl ulang tahun tiketnya ga bisa d ubah . malah diketerangan nya terimaksh sudah cek kesehatan padahal belom sama sekali .aneh aplikasi nya .",1,2025-09-30 19:06:08
19c5d69b-5698-4565-abd4-4c1e1d738e1e,"sudah coba ikuti arahan admin akun satu sehat : hapus memori , hapus data, uninstall, tunggu beberapa saat, baru install lagi. tetap saja tidak bisa akses. saya coba masuk dg lupa pin pun tidak bisa. padahal saat awal aplikasi dulu launching bisa diakses. Tapi setelah ada update dari thn lalu mulai tdk bisa digunakan sampai sekarang. Ini mau coba CKG untuk anak sekolah padahal.",1,2025-09-30 16:31:44
9a3a3d22-ee62-4ef4-90a0-acca58bdf438,Bagus,5,2025-09-30 15:07:58
2ebee6de-34f0-49d3-a58e-9fa3f937629a,"Harus verifikasi ke faskes, tapi di faskes petugasnya gak faham",1,2025-09-30 13:10:28
549f6c22-cd24-423f-9fd6-1e6762695271,bagus,5,2025-09-30 11:34:45
4d180dbe-cb9e-4f4d-8026-1ca97e954f6f,"mau daftar pemeriksaan, udah input data semua tinggal klik selesai ko ada tulisan ""alasan ganti jadwal pemeriksaan"". ya ga ada alasan wong ga mau ganti tanggal. tampilan juga semprawut si susah dipahami",1,2025-09-30 10:13:49
d0aabfe7-83fa-4cbc-afc4-83681abe2aeb,Sangat puas dengan pelayanan,5,2025-09-29 20:13:44
979e4e88-850a-463a-9b6a-92fb9d7cadf3,Mantab Tabbbb,5,2025-09-29 18:36:29
a6f91225-4750-4095-abfc-61611f79ac30,Bisa gak sih ga nyusahin rakyat ? mo ngecek kartu sehat aja susahnya minta ampun .,1,2025-09-29 16:30:33
e7e27ad9-12f7-4166-b47f-7d9821bf706e,"saya sangat susah untuk login, setelah saya kehilangan nomor hp dan Gmail, harus nya cukup dengan foto e-KTP kita gampang untuk aksesnya",1,2025-09-29 16:28:37
df33535d-7bc7-4c3f-b329-b08a273e57ba,"aplikasi bejaddd,gajelass poll",1,2025-09-29 12:55:54
a502da13-4892-4411-90c9-cdf542e0ba6d,baik,5,2025-09-29 12:21:13
1abdc70e-bd23-4782-9574-e198e63014dc,dengan adanya hari jantung semoga kita sehat dalam lindungan Allah...Amin,5,2025-09-29 10:26:11
4e1893e8-5f52-4e9c-abff-dc673f1a71f3,ok,5,2025-09-29 08:28:48
b1a614f4-513a-4141-b1e6-d68008881751,bagus aplikasi ini,5,2025-09-29 04:42:35
3c89defe-384b-4b8f-9fb2-ae47646132dd,ok,5,2025-09-28 17:20:38
858c35a0-1671-4546-9b93-34ef499c74a6,tidak bisa dibuka,2,2025-09-28 11:26:53
94ce64db-6ee8-40e3-b9bc-75df3c25620a,bagus,5,2025-09-27 19:25:00
9f72a08d-8c6f-4e53-808c-efeb3a19bec8,"aplikasi gajelas, mau lihat hasil pemeriksaan dan melengkapi data diri tapi gabisa kesubmit karena gaada tombol selesainya di domisili terserah deh cape",2,2025-09-27 15:29:40
ae34e955-498d-4b27-9fbb-b54d7863d4bd,saya klik cek pemeriksaan gratis tidak bisa muncul hasilnya. mohon solusinya,2,2025-09-27 09:38:35
88c6f894-f737-48b5-a35a-030ee1c2bb92,ok,5,2025-09-27 01:02:43
e083172b-c359-4c5d-a02c-47c2297f054f,"cek kesehatan gratis cukup memuaskan, tapi pemeriksaan kurang lengkap. asam urat dan kolesterol tidak ada",4,2025-09-26 16:57:30
ff0e7a72-20bc-419b-ad19-fbf0f100e924,saya sudah masukan kode verifikasi dengan benar berkali kali tapi masih saja tidak valid,1,2025-09-26 15:59:54
e22843cc-00b7-479d-ade1-aa6bec20bfda,sertifikat saya di app pedulilindungi telah hilang sudah login ke satusehat tapi sertifikatnya tidak ada. gimana saya buat daftar kerja,1,2025-09-26 08:12:16
8f631413-6166-4fd5-bbf4-16cde6185e7c,mau login kembali tidak bisa. coba uninstall trus instal lagi tetap tidak bisa masuk,1,2025-09-26 06:21:21
be0edb51-6cc0-4d34-9f43-84e6c0255850,Aplikasi satu sehat mobile nya fiturnya lengkap,4,2025-09-25 21:56:06
65dcd381-43bf-4de9-af20-74998a3278b9,apk tidak berguna,1,2025-09-25 18:16:18
e4b5728d-700d-44e8-8c2e-84ea45165598,aplikasi pemerintah ini selalu apalah gabisa di download blo9!!!,1,2025-09-25 16:48:21
71c3877e-863e-4fb1-aced-7b2d9a5af550,"aplikasi sakit, tombol tiket pemeriksaannya gabisa di pencet, gajelas",1,2025-09-25 16:31:34
5e0b6754-9407-4475-bba0-d272a32c9abe,Alhamdulillah untuk jaga-jaga,5,2025-09-25 16:07:38
4f6027cb-fdfd-47b7-924b-c7e9a4908c4e,"Susah login, kode otp di gmail/wa terbaca tidak valid terus.",1,2025-09-25 14:18:33
13be7bab-3d25-4fa3-a470-955f2b40caa4,gabisa login kocak padahal udah bikin akun,1,2025-09-25 13:57:47
c5b19ef2-64a8-4cb1-aef0-f923f1744adb,aplikasi gak jelas,1,2025-09-25 13:06:05
4f65ccb0-0b26-48eb-86c0-5c2eda9ea673,Aplikasi TOLOL,1,2025-09-25 10:16:46
653ff4a2-df5a-4803-b895-1e612d43049b,"gajelas bgt nih aplikasi, padahal ada fitur login lewat ikd tapi di coba berkali-kali malah gagal terus. gajelas bgttttt",2,2025-09-25 08:20:20
83c292d6-7c61-4981-ae5d-93f71af5e715,"mau masuk saja susah sekali, sudah coba ganto nomer HP ganti email setiap masukkan kode verifikasi tetap tidak bisa terus tidak tahu kenapa sudah uninstal masuk lagi uninstal lagi coba masuk lagi tetap gak bisaa",3,2025-09-25 08:00:50
8e97f7e4-8f25-484e-98a6-3ba58b0f8081,"mau login aja susahnya yaampun, ini tidak valid, itu tidak valid, gimana mau pakainya klo login aja ga bisa?",1,2025-09-25 07:01:19
707a5425-9350-4730-a838-b0952fb6a885,aplikasi satu sehat mengapa saya tidak bisa bpk/ibu tolong bantuan nya,3,2025-09-24 22:56:38
a8b4a581-61a7-46f2-8a49-636660d28d52,susah buat login sumpah,1,2025-09-24 20:14:02
29cf34cb-7205-44f5-8477-dbbd2eb5af5f,"niat bikin applikasi dak sih, sia2 dana nya. buang2 duit aja. cari progammer yg bener dong, masa pemakaian nasional programernya ecek2. jgn sampai dana applikasi milyaran hasil kayak ratusan ribu",1,2025-09-24 20:10:17
b5cf217f-640a-44f3-9e2c-1ba94ed82660,"Kenapa sertifikat vaksinasi disini sama vaksin luar negeri saya ko engga terdaftar, kan waktu diapk peduli lindungi saya sudah terdaftar. harusnya data kalo diganti data penduduk tersebut jangan dihapuskan, soalnya saya juga butuh data tsb.",3,2025-09-24 18:12:34
e42fbc7c-4373-4b33-9301-bdb56abb5c8f,untuk sertifikat imunisasi anak saya kenapa tidak muncul ya? padahal dari Fasyankes sudah upload semua imunisasi anak. saya sudah komplain di aplikasi ini sejak kamis tgl 18 Sep 2025 hingga sekarang tidak ada kejelasan. upload bukti juga sudah saya upload,1,2025-09-24 18:03:18
92ce5420-7143-4df2-b948-36dd9797008c,"error, gak bisa masukin otp buat ganti nomer, otentikasi NIK digital nggak respon loading terus",1,2025-09-24 13:17:42
75e8ba65-8d11-4ceb-9b7a-97523aa24f77,mantap apk GAGUNA 🤘,1,2025-09-24 11:03:23
ac871d66-74c3-4c1c-832e-8e897b1488e6,gabut,1,2025-09-24 10:22:54
5dcab633-d459-4bb8-b58d-022715b8be71,"parah pakek banget mosok seketika data saya berubah, mau ke puskesmas cek kesehatan datanya berubah semua, sistemnya parah, IT nya tolong perbaiki segera",1,2025-09-24 09:10:53
cbcb8a08-c4be-4dae-b699-04c74c388503,"sangat mengecewakan, padahal mau download surat vaksin doang tpi GK bisa.udah beberapa kali,tetep gak bisa download.",1,2025-09-23 20:48:22
8eae1dbb-f62c-4741-b7b8-2e16e5ec2ffc,saya tidak bisa unduh sertifikat vakasin 1 dan 2 selalu gagal tolong admin berikan solusi untuk bisa unduh sertifikat nya,2,2025-09-23 18:52:50
861431c9-ccbd-49ce-953b-bc03915ed4d4,ok,5,2025-09-23 11:54:55
0027c1ac-6c95-4e66-b34b-d673fb6945d9,Masa data pribadi kok ngga bisa dirubah sihh😴😴😴,1,2025-09-22 23:08:31
1c24c2d7-9a62-4b5d-ac7e-53679505606e,kanapa setiap masuk gak bisa padahal sudah benar semua sandinya mohon di kasih solusi kok ngebug terus,1,2025-09-22 22:55:27
a695782b-a0a3-42fb-b33a-5128fc9545ca,jelek bangetttt plisss saya mau pesen tiket fitur nya ga bica ditekan,1,2025-09-22 21:58:59
8fce5076-dfdb-4439-87ff-8b92cb973614,terkahir menggunakan aplikasi ini saat vaksin th 2022 lalu..bru buka aplikasi lg hr ini 22 sept 2025. tp ad riwayat pemerksaan kesehatan di puskesmas PARAK KARAKAH tgl 23 juni 2025 padahal saya terkhir k padang th 2017..satu sehat benar bisa mengakses data pribadi kita sesuka hati kah?kok bisa2 nya menggunakan data saya utk program pemeriksaan gratis anda?,1,2025-09-22 17:42:15
00a5bb1b-50bc-4447-b2ff-bf6432ee0fdb,apk ngbug stuck di jenjang,1,2025-09-22 11:59:33
79dc25f3-4397-4c45-b30d-cc8d44db0f0c,jenjang pendidikan nya woi ngebug,1,2025-09-22 11:59:07
21612445-2d0e-4fbd-a259-8887523b1231,app nya bagus bgt bikin saya jadi sehat walafiat,1,2025-09-22 10:43:00
3e83b210-12e0-4852-a2e5-17cdaf52e0ff,sangat membantu kita semua. aplikasi ini,5,2025-09-22 09:29:57
0d163629-8ddb-423a-a13a-247b82da5644,"aplikasi busuk, gak Bisa update pekerjaan",1,2025-09-22 09:28:05
5368c146-adf5-4a55-bfc3-e9aaffba8e21,ui nya duh :(((,1,2025-09-22 08:30:02
a987824b-4db2-4763-b6cd-3c3ebef7b524,aplikasi anehh mau masukin kode udh bener malah ngga valid apa coba woiiiii gila ini yg buat apk,1,2025-09-22 08:04:26
139752fc-35cf-4b2b-8ca7-8a92f329c5bb,"tidak bisa mengakses aplikasi setiap dibutuhkan, loading lambat",1,2025-09-21 22:25:12
121a01b9-feb4-43bb-8315-ea1cc84808e7,"saya pilih pekerjaan saya adalah sebagai pelajar, namun saat saya ingin mengisi lokas tidak bisa mencari lokasi tempat domisili saya, APLIKASINYA GIMANA?",1,2025-09-21 15:05:11
ea2e9a8a-d890-4b1e-8b96-ea253feb094e,payah..... habis pembaruan dak bisa dibuka..kalau bikin aplikasi yg bender,5,2025-09-21 12:33:02
87ad73f7-35dd-4755-96a8-3eddc23dcfed,login ajh bermasalah perbaikin nih ga jelas bener,1,2025-09-21 10:53:15
d42ffd18-6b75-4251-8248-1cb32002ffa3,"tidak bisa masuk, sudah input berbagai macam pin. lupa pin pun ga bisa masukin kode verifikasi lewat hape/email,kirim ulang jg gak bisa. udah daftar lagi, nomor hape/email sudah terpakai jd gak bisa.. ini mau dipakai apa ndak sih apk nya?",1,2025-09-21 07:06:03
7e57e436-363e-4922-be82-ace7b4ce3d90,aplikasi gak bermutu udah berapa kali login gagal terus padahar code verifikasi sudah benar sesuai yg di kirim di email,1,2025-09-20 14:21:06
73454216-fffa-42de-87ec-c3d25ab69f43,ga bisa login padahal akun nya udh benar,1,2025-09-20 13:02:25
57db075c-ae29-44d2-8107-497ec044f09f,mau saya verifikasi profil ke puskesmas terdekat tapi yg terjadi malah bilang gak usah verifikasi profil ini kalau mau cek kesehatan bisa lgsg. lalu kan ada perubahan aplikasi ikd. mungkin verifikasi nya bisa diperbaharui lagi,1,2025-09-20 08:58:08
692d7dbf-bd1a-4f87-b9b3-9b3c1ecd4558,sangat buruk susah login,1,2025-09-19 19:52:16
6da0edc3-0530-43dd-a891-271bb949630c,aplikasi bosok..... setiap apl dr pmernth kenapa rata2 bosok?,1,2025-09-19 15:29:07
a4aafe67-9978-4cfa-89df-556d5c81c170,"Ini nggak bener ini, ada notifikasi di WA ""Pendaftaran Pemeriksaan Kesehatan Gratis (PKG) telah berhasil"" atas nama orang lain. Kayaknya petugas SATUSEHAT mendaftarkan orang lain pake nomor orang lain juga. Saya login di aplikasi ini, datanya saya. Tapi ini di notifikasi kok data atas nama orang lain.",1,2025-09-19 11:15:39
c0e5c0eb-60fb-459d-bc8c-0e642abbda5c,"ga bisa login, cape banget gusti",1,2025-09-19 09:51:30
c577f887-b44c-47ae-a4c5-7ee4194b9476,buruk sekali saya masuk apknya dan langsung berubah gajelas tulisannya setelah ketik nomor nik!,1,2025-09-19 08:43:02
1c8d69a8-5896-43a4-9c1d-b3ed7dacc058,"tolong diperbaiki data kecamatan di kubu raya ada 9 di aplikasi cuma 6. parahnya ibukota kecamatan kubu raya yaitu sungai raya malah tidak ada di daftar. yg belum ada sungai raya, teluk pakedai, terantang. jika sudah ada bintang 🌟 saya tambah.",2,2025-09-18 21:15:40
e0034cfa-0f50-42b2-ba88-390a764dcf49,app gak mendukung susah login pdhl data lengkap,2,2025-09-18 20:42:48
d2d28d05-c767-49b5-a4e9-a61fe35a24e0,ok,5,2025-09-18 15:18:29
e0478bad-2e57-4b6d-8293-33c01c6e0bf5,Lu sengaja kan akun SATUSEHAT gk bisa di hapus supaya bisa lu curi akunnya.,1,2025-09-18 14:56:36
9270b42c-1aa3-4386-92d1-810e87a13faa,"TIDAK BISA LOGIN, REQ LUPA AKUN JUGA SAMA SAJA",1,2025-09-18 14:38:44
085c234b-7eae-4820-8af4-b7c808d0d54a,susah dibuka aplikasi satu sehat,2,2025-09-18 14:28:42
0f2a700a-435f-481d-8c90-7466f21ec871,"sekarang saya kecewa dengan api ini, isi data benar di bilangnya vailid.",1,2025-09-18 14:18:40
4df6b4c2-8f05-47ba-9b89-e9b53fea44b3,"erorr terus,padahal buru2 buat data,hmmm",2,2025-09-18 11:39:36
33ceec56-ac86-4e2d-87c1-01532de8f274,kementerian g ada kerjaan.....aplikasi eror melulu,1,2025-09-18 10:50:26
c18fb5c9-9131-4b01-a7e7-da9be1ea9f8b,"distatus vaksinasi saya ga dianggap udah vaksin. masih merah aja. yg artinya belum divaksin. padahal saya udah vaksin lho. tapi sertifikat vaksin padahal udah muncul. kalo saya bepergian, pas scan QR otomatis blm vaksin.. ga jelas banget.. tapi diaplikasi lain saya udah ada data.a lho kalo saya udh vaksin. tolong yah dijawab email saya. ga beres juga nih.. apa guna.a ada sertifikat vaksin kalo emang ga dianggap belum vaksin.",5,2025-09-18 09:54:25
56dcccdd-accc-4512-aa70-c37c82023001,Tidak bisa login,1,2025-09-17 23:40:29
945d8b9f-73fa-4cbc-aa3d-1e817bca71f4,Ngebug di tambag anggota profil,1,2025-09-17 21:36:05
4580f9b3-b45b-4d85-a0b2-c143ae6fc458,apk an********jin****,1,2025-09-17 20:55:28
667f3b18-0568-4881-89f3-2694a76e4cff,"Aplikasinya berguna, tapi sistem UI nya terlalu jelek untuk aplikasi kesehatan • Bug banyak • Login dipersusah • Iklan nya menganggu",2,2025-09-17 18:42:36
bf9f44d6-a038-4946-aba2-4a56dcf7069c,Ga bisa login,3,2025-09-17 15:13:17
3315b364-8d67-418d-b316-fa785bda7973,"gak bisa login sama sekali, padahal sudah di install ulang",2,2025-09-17 13:02:40
bdb162af-6fa7-4a54-9c8a-2db1c6851258,"woi ini aplikasinya jeleg, banyak bug lu duit anggarannya dikemanain kocag",1,2025-09-17 10:32:35
5aa0cb7d-8abe-4f7b-be87-df3ecdb4e686,"sering eror, waktu nulis pin salah terus giliran mau ganti pin, waktu masukin kode verifikasi malah tulisannya permintaan anda tidak valid terus. emang aplisai pemerintah ngabisin anggaran aja",1,2025-09-17 09:56:32
a136da31-13fe-4428-bbd5-2481710d4768,bagus hanya masuk di tiketnya belum bisa,3,2025-09-17 08:39:03
44c3078c-d1d7-406c-8bc5-b27a46e21faf,bermanfaat,5,2025-09-17 07:08:03
da2bc1a4-f318-4fa6-b259-2778239bf2e7,mantabs,5,2025-09-17 05:52:19
56b00eac-b149-423b-b28e-20aac9c7c006,"aplikasi jelek habisin anggaran APBN negara aj. bolak balik masuk GK bisa, udah ganti nomor hp email juga GK bisa. jelek aplikasinya cuman habisin duit negara aj.",1,2025-09-16 23:20:09
50d05f62-e554-41e6-88cd-bfae9aa3c83f,kode verifikasi lupa pin nya tidak valid :) saat klik kirim ulang dibilang terjadi kesalahan :) haloooo,1,2025-09-16 23:12:52
0c4283a1-2ae6-4c53-9a48-8119ea9f8df5,"Menurut saya ini aplikasi yang kurang bagus,di fitur tiket pemeriksaan saya sudah mencet bagian ""jenjang pendidikan"" tetapi tidak muncul pdhl sudah berkali kali saya coba tpi tetap tidak bisa,tadinya sih saya sudah kesal dan mau uninstall tpi gjdi krna disekolah saya seluruh murid harus punya ni apk😒.",1,2025-09-16 20:51:31
5e963e12-f520-491f-b291-92e790e42a04,aplikasi ga bisa di gunakan meski udah update berulang kali,1,2025-09-16 20:41:55
0db3ffa4-d4db-432b-9e2e-335f94deaecc,dawg otp kg nyampe,2,2025-09-16 20:14:01
6a15f52d-2c5d-4012-878d-eee603ff7ac9,"saya mencoba untuk mengisi data diri, namun saat ingin mengisi jenjang sekolah, saya tidak bisa mengisinya tapi waktu di mau di skip gabisa di skip",1,2025-09-16 19:14:49
649df256-bb18-4ee7-9d8c-5ce4a612f3dd,baru login. udah minta pin. dapet drimana itu pin,1,2025-09-16 14:10:22
d2d336f3-0195-422e-a88a-d8d88d8682d7,aplikasinya mudah digunakan,5,2025-09-16 11:23:24
73b59a18-6975-40ca-bd92-43588e959c6a,"aplikasi buruk,belum sempurna,kolom diklik tidak bisa diisi,payah untuk rakyat kecil sangat susah , untuk apa ada aplikasi ujungnya sus ah diakses",1,2025-09-16 01:36:48
df14b8f1-29b7-4dc0-b126-433a6505452a,data update dong,1,2025-09-15 21:30:33
b91b560b-e28a-4a2a-99ce-e16f025b9a7a,"baru juga daftar katanya no telpon sudah di gunakan,,,aku pake no yg lain,,sama juga katanya no sudah digunakan,,,padahal baru kali ini mo daftar,, gimana ini",2,2025-09-15 11:39:51
cf1fa9c4-1fd5-4555-b1cd-66000a684a48,"pada kolom pilih jenjang tidak bisa di klik, sedangkan untuk submit data kolom tersebut wajin di isi.. mohon di perbaiki segera",1,2025-09-15 07:21:14
03058b2b-4c64-4028-9b4c-efd7b2b511d9,Periksa juga belum udah keluar hasilnya. Parah pemberitahuan malam2 mendadak. Korupsi semua isinya,1,2025-09-15 00:53:36
cb6323dc-dfe3-44a0-9bfa-71f99af87457,aplikasi pemerintah selalu tidak berguna tidak bisa verifikasi,1,2025-09-14 18:51:20
a6db2dcc-339e-4acd-8349-2fbea38690d5,"tgl 15/9/2025 sy ada jadwal cek kesehatan gratis, tp seminggu sblm hari H saat sy cek di aplikasi satu sehat tiba2 sdh muncul hasil rapor kesehatan sy, dan disitu tertera ada kunjungan tgl 5/9/2025 dgn keterangan ""selesai pemeriksaan"" sdgkn posisi saat itu ada drmh.. saat liat hasil rapor ternyata semua data kesehatan yg dicantumkan tdk sesuai bahkan nmr hp yg di input jg bkn nmr hp sy.. Jgn2 puskes asal isi data saja selain itu jg tdk ada pengingat via WA atau notifikasi lainnya. sy sgt kecewa!",2,2025-09-14 11:32:23
3bb19e9f-5ec3-4d22-ade4-04fe42a8bec4,sertifikat tidak bisa diunduh silahkan coba beberapa saat lagi,1,2025-09-13 20:23:54
1cb33978-4080-4b82-96f1-a6cf36572bb6,"PROGRAM GIMICK, PAS MAU CEK KESEHATAN GRATIS PUSKESMAS TUTUP PADAHAL DATANG SESUAI JADWAL DAN WAKTU YANG ADA DIAPLIKASI.",1,2025-09-13 18:29:05
